Order ID,Order Date,Region,Category,Sales,Profit,Month-Year
1,2024-01-01,South,Office Supplies,95.6,14.7,2024-01
2,2024-01-01,East,Furniture,21.4,4.87,2024-01
3,2024-01-01,West,Office Supplies,102.02,14.58,2024-01
4,2024-01-01,West,Office Supplies,93.56,19.64,2024-01
5,2024-01-01,West,Office Supplies,125.13,19.3,2024-01
6,2024-01-01,East,Furniture,197.48,44.9,2024-01
7,2024-01-02,South,Furniture,139.3,32.68,2024-01
8,2024-01-02,West,Office Supplies,129.18,28.95,2024-01
9,2024-01-02,South,Furniture,161.71,16.31,2024-01
10,2024-01-02,West,Technology,211.47,28.75,2024-01
11,2024-01-02,West,Furniture,300.94,67.53,2024-01
12,2024-01-03,East,Furniture,353.23,47.72,2024-01
13,2024-01-03,Central,Technology,254.7,44.88,2024-01
14,2024-01-03,Central,Technology,609.36,119.99,2024-01
15,2024-01-03,West,Office Supplies,103.26,18.27,2024-01
16,2024-01-03,East,Furniture,125.86,29.22,2024-01
17,2024-01-03,West,Technology,325.18,34.22,2024-01
18,2024-01-03,Central,Furniture,231.44,36.72,2024-01
19,2024-01-04,East,Office Supplies,132.44,25.57,2024-01
20,2024-01-04,East,Office Supplies,60.55,9.63,2024-01
21,2024-01-04,East,Furniture,235.89,47.23,2024-01
22,2024-01-04,West,Office Supplies,130.82,23.06,2024-01
23,2024-01-04,South,Furniture,82.11,14.67,2024-01
24,2024-01-04,West,Furniture,255.27,77.39,2024-01
25,2024-01-04,East,Furniture,233.17,45.49,2024-01
26,2024-01-04,East,Office Supplies,168.0,36.56,2024-01
27,2024-01-04,East,Office Supplies,178.92,19.66,2024-01
28,2024-01-04,Central,Office Supplies,78.4,11.89,2024-01
29,2024-01-04,East,Office Supplies,54.87,10.07,2024-01
30,2024-01-04,Central,Furniture,169.55,43.66,2024-01
31,2024-01-05,West,Furniture,272.74,59.75,2024-01
32,2024-01-05,West,Furniture,295.67,57.61,2024-01
33,2024-01-05,South,Technology,304.8,58.4,2024-01
34,2024-01-05,East,Technology,441.03,63.63,2024-01
35,2024-01-05,East,Furniture,413.26,84.18,2024-01
36,2024-01-05,Central,Furniture,164.72,36.13,2024-01
37,2024-01-05,West,Office Supplies,160.46,32.19,2024-01
38,2024-01-05,Central,Office Supplies,109.69,15.61,2024-01
39,2024-01-05,West,Furniture,243.25,47.93,2024-01
40,2024-01-06,Central,Furniture,230.45,49.71,2024-01
41,2024-01-06,East,Technology,466.25,82.23,2024-01
42,2024-01-06,South,Technology,281.45,29.34,2024-01
43,2024-01-06,South,Furniture,268.73,31.63,2024-01
44,2024-01-06,South,Office Supplies,82.88,15.56,2024-01
45,2024-01-06,Central,Technology,408.15,50.14,2024-01
46,2024-01-06,South,Office Supplies,165.49,38.51,2024-01
47,2024-01-06,West,Furniture,295.07,60.69,2024-01
48,2024-01-06,South,Technology,472.11,175.92,2024-01
49,2024-01-07,West,Office Supplies,148.82,14.79,2024-01
50,2024-01-07,East,Furniture,208.71,48.93,2024-01
51,2024-01-07,East,Office Supplies,89.96,19.25,2024-01
52,2024-01-07,Central,Furniture,253.99,37.44,2024-01
53,2024-01-07,West,Office Supplies,34.94,6.62,2024-01
54,2024-01-07,Central,Furniture,180.65,31.48,2024-01
55,2024-01-07,East,Technology,470.7,105.1,2024-01
56,2024-01-07,West,Furniture,208.44,30.71,2024-01
57,2024-01-07,West,Office Supplies,67.04,15.14,2024-01
58,2024-01-08,East,Furniture,229.23,62.72,2024-01
59,2024-01-08,East,Office Supplies,65.61,11.47,2024-01
60,2024-01-08,West,Office Supplies,184.81,45.49,2024-01
61,2024-01-08,East,Office Supplies,122.46,36.42,2024-01
62,2024-01-08,South,Office Supplies,111.5,20.41,2024-01
63,2024-01-08,Central,Technology,134.37,32.79,2024-01
64,2024-01-08,Central,Office Supplies,148.85,27.32,2024-01
65,2024-01-08,West,Technology,331.9,63.19,2024-01
66,2024-01-09,Central,Office Supplies,135.2,28.27,2024-01
67,2024-01-09,South,Furniture,298.28,43.1,2024-01
68,2024-01-09,South,Technology,149.73,17.81,2024-01
69,2024-01-09,Central,Furniture,385.88,60.98,2024-01
70,2024-01-09,Central,Furniture,251.06,56.88,2024-01
71,2024-01-10,West,Technology,413.58,86.75,2024-01
72,2024-01-10,Central,Office Supplies,77.75,9.27,2024-01
73,2024-01-10,Central,Technology,487.38,103.04,2024-01
74,2024-01-10,East,Office Supplies,123.18,18.0,2024-01
75,2024-01-10,West,Technology,284.43,46.63,2024-01
76,2024-01-10,East,Technology,284.89,54.75,2024-01
77,2024-01-11,East,Technology,197.27,21.63,2024-01
78,2024-01-11,South,Technology,299.42,50.7,2024-01
79,2024-01-11,Central,Office Supplies,156.02,26.84,2024-01
80,2024-01-11,East,Office Supplies,119.22,19.74,2024-01
81,2024-01-11,East,Furniture,278.24,38.57,2024-01
82,2024-01-12,South,Furniture,256.09,58.69,2024-01
83,2024-01-12,South,Furniture,291.44,53.25,2024-01
84,2024-01-12,West,Office Supplies,101.86,27.81,2024-01
85,2024-01-12,Central,Office Supplies,115.34,26.39,2024-01
86,2024-01-12,Central,Furniture,236.2,26.51,2024-01
87,2024-01-12,West,Office Supplies,39.67,7.86,2024-01
88,2024-01-12,South,Office Supplies,151.16,38.37,2024-01
89,2024-01-12,West,Technology,389.69,64.65,2024-01
90,2024-01-13,South,Technology,612.27,119.77,2024-01
91,2024-01-13,South,Technology,356.18,35.63,2024-01
92,2024-01-13,East,Technology,208.4,43.09,2024-01
93,2024-01-13,Central,Office Supplies,85.23,14.05,2024-01
94,2024-01-13,Central,Office Supplies,124.82,32.15,2024-01
95,2024-01-13,South,Office Supplies,163.12,30.72,2024-01
96,2024-01-13,West,Furniture,380.29,85.14,2024-01
97,2024-01-13,East,Furniture,98.55,24.86,2024-01
98,2024-01-13,West,Technology,428.02,30.58,2024-01
99,2024-01-13,Central,Office Supplies,161.22,31.69,2024-01
100,2024-01-13,South,Furniture,248.71,54.67,2024-01
101,2024-01-14,East,Furniture,153.64,31.4,2024-01
102,2024-01-14,West,Technology,687.71,112.81,2024-01
103,2024-01-14,East,Furniture,178.64,27.16,2024-01
104,2024-01-14,East,Furniture,124.52,21.22,2024-01
105,2024-01-14,West,Office Supplies,115.72,21.07,2024-01
106,2024-01-14,Central,Office Supplies,155.76,23.2,2024-01
107,2024-01-14,Central,Furniture,202.11,23.97,2024-01
108,2024-01-15,South,Office Supplies,79.16,14.56,2024-01
109,2024-01-15,West,Office Supplies,85.96,11.58,2024-01
110,2024-01-15,West,Furniture,157.14,23.14,2024-01
111,2024-01-15,West,Furniture,269.09,60.69,2024-01
112,2024-01-15,Central,Technology,277.64,49.93,2024-01
113,2024-01-15,West,Office Supplies,101.5,26.3,2024-01
114,2024-01-15,East,Furniture,372.13,42.62,2024-01
115,2024-01-16,East,Furniture,177.5,27.11,2024-01
116,2024-01-16,South,Furniture,31.01,6.64,2024-01
117,2024-01-16,South,Furniture,284.15,49.94,2024-01
118,2024-01-16,South,Technology,298.64,45.8,2024-01
119,2024-01-16,Central,Technology,686.06,179.05,2024-01
120,2024-01-16,West,Technology,320.96,41.69,2024-01
121,2024-01-16,West,Office Supplies,100.74,16.59,2024-01
122,2024-01-17,West,Furniture,338.05,51.1,2024-01
123,2024-01-17,West,Office Supplies,142.25,35.86,2024-01
124,2024-01-17,West,Office Supplies,144.24,24.5,2024-01
125,2024-01-17,South,Technology,451.96,67.7,2024-01
126,2024-01-17,South,Furniture,257.58,44.36,2024-01
127,2024-01-17,Central,Technology,447.26,71.3,2024-01
128,2024-01-18,South,Office Supplies,91.59,6.27,2024-01
129,2024-01-18,West,Office Supplies,53.63,9.7,2024-01
130,2024-01-18,South,Office Supplies,157.48,29.1,2024-01
131,2024-01-18,Central,Furniture,264.45,55.12,2024-01
132,2024-01-18,West,Furniture,294.57,71.39,2024-01
133,2024-01-18,West,Technology,331.76,66.42,2024-01
134,2024-01-18,West,Furniture,382.1,76.46,2024-01
135,2024-01-18,South,Furniture,362.61,57.21,2024-01
136,2024-01-19,South,Office Supplies,82.58,5.27,2024-01
137,2024-01-19,South,Furniture,265.8,82.98,2024-01
138,2024-01-19,Central,Furniture,405.94,85.05,2024-01
139,2024-01-19,South,Office Supplies,130.51,16.05,2024-01
140,2024-01-19,Central,Office Supplies,127.72,23.63,2024-01
141,2024-01-19,South,Office Supplies,226.63,46.73,2024-01
142,2024-01-19,West,Furniture,343.71,51.85,2024-01
143,2024-01-19,East,Furniture,324.57,20.76,2024-01
144,2024-01-19,South,Furniture,361.14,50.23,2024-01
145,2024-01-20,South,Office Supplies,197.66,46.71,2024-01
146,2024-01-20,East,Office Supplies,108.71,13.55,2024-01
147,2024-01-20,East,Technology,760.27,139.1,2024-01
148,2024-01-20,East,Office Supplies,128.32,22.17,2024-01
149,2024-01-20,East,Furniture,247.13,37.77,2024-01
150,2024-01-20,Central,Furniture,227.69,58.11,2024-01
151,2024-01-21,Central,Office Supplies,159.3,38.8,2024-01
152,2024-01-21,East,Furniture,313.15,38.69,2024-01
153,2024-01-21,East,Furniture,204.1,41.73,2024-01
154,2024-01-21,Central,Furniture,228.97,36.92,2024-01
155,2024-01-21,Central,Technology,349.46,83.16,2024-01
156,2024-01-21,Central,Furniture,301.9,49.67,2024-01
157,2024-01-21,East,Furniture,278.54,32.71,2024-01
158,2024-01-21,West,Technology,326.82,75.97,2024-01
159,2024-01-21,West,Office Supplies,54.62,11.49,2024-01
160,2024-01-22,East,Furniture,438.58,93.69,2024-01
161,2024-01-22,West,Furniture,137.26,25.4,2024-01
162,2024-01-22,West,Furniture,107.41,22.3,2024-01
163,2024-01-22,Central,Office Supplies,100.3,20.7,2024-01
164,2024-01-22,East,Furniture,391.8,101.29,2024-01
165,2024-01-22,Central,Furniture,236.17,52.03,2024-01
166,2024-01-22,West,Office Supplies,105.38,20.02,2024-01
167,2024-01-22,Central,Furniture,116.65,16.34,2024-01
168,2024-01-22,West,Office Supplies,144.11,13.3,2024-01
169,2024-01-22,West,Office Supplies,124.0,23.43,2024-01
170,2024-01-22,East,Furniture,303.16,31.54,2024-01
171,2024-01-22,East,Office Supplies,49.04,11.25,2024-01
172,2024-01-23,South,Technology,247.71,56.1,2024-01
173,2024-01-23,Central,Office Supplies,64.59,10.9,2024-01
174,2024-01-23,West,Technology,514.34,108.49,2024-01
175,2024-01-23,Central,Office Supplies,100.94,21.36,2024-01
176,2024-01-23,West,Furniture,321.62,60.04,2024-01
177,2024-01-23,East,Office Supplies,138.76,23.5,2024-01
178,2024-01-23,South,Technology,558.07,98.21,2024-01
179,2024-01-24,East,Office Supplies,172.74,23.37,2024-01
180,2024-01-24,East,Furniture,376.61,71.49,2024-01
181,2024-01-24,West,Office Supplies,131.22,29.46,2024-01
182,2024-01-24,East,Furniture,257.2,60.0,2024-01
183,2024-01-24,South,Technology,327.58,82.05,2024-01
184,2024-01-24,West,Office Supplies,101.29,25.59,2024-01
185,2024-01-25,East,Furniture,80.8,9.67,2024-01
186,2024-01-25,Central,Furniture,235.5,32.67,2024-01
187,2024-01-25,South,Technology,723.36,106.19,2024-01
188,2024-01-25,East,Technology,563.39,147.08,2024-01
189,2024-01-25,West,Furniture,204.72,30.72,2024-01
190,2024-01-25,East,Technology,330.56,56.72,2024-01
191,2024-01-26,West,Office Supplies,84.72,15.95,2024-01
192,2024-01-26,South,Furniture,297.56,69.68,2024-01
193,2024-01-26,Central,Furniture,97.0,11.36,2024-01
194,2024-01-26,West,Office Supplies,84.68,15.21,2024-01
195,2024-01-26,East,Office Supplies,10.0,1.36,2024-01
196,2024-01-26,Central,Technology,585.34,72.24,2024-01
197,2024-01-26,Central,Furniture,271.0,52.92,2024-01
198,2024-01-26,Central,Technology,456.79,98.55,2024-01
199,2024-01-26,South,Office Supplies,162.36,41.66,2024-01
200,2024-01-26,Central,Furniture,217.6,30.1,2024-01
201,2024-01-26,Central,Furniture,286.6,57.33,2024-01
202,2024-01-27,Central,Office Supplies,107.07,20.45,2024-01
203,2024-01-27,Central,Office Supplies,116.0,22.5,2024-01
204,2024-01-27,Central,Technology,337.5,64.03,2024-01
205,2024-01-27,West,Office Supplies,125.58,18.21,2024-01
206,2024-01-27,West,Office Supplies,96.53,19.2,2024-01
207,2024-01-27,Central,Furniture,386.98,68.38,2024-01
208,2024-01-28,East,Office Supplies,66.23,14.81,2024-01
209,2024-01-28,South,Furniture,306.89,53.72,2024-01
210,2024-01-28,West,Office Supplies,55.93,8.13,2024-01
211,2024-01-28,South,Office Supplies,109.87,21.71,2024-01
212,2024-01-28,East,Furniture,140.49,35.43,2024-01
213,2024-01-28,South,Office Supplies,134.39,27.26,2024-01
214,2024-01-28,Central,Technology,489.98,120.76,2024-01
215,2024-01-28,East,Furniture,267.2,57.57,2024-01
216,2024-01-28,Central,Office Supplies,91.59,24.73,2024-01
217,2024-01-29,West,Furniture,234.86,34.19,2024-01
218,2024-01-29,West,Office Supplies,162.99,20.43,2024-01
219,2024-01-29,South,Technology,396.62,60.07,2024-01
220,2024-01-29,East,Furniture,460.18,82.31,2024-01
221,2024-01-29,Central,Office Supplies,83.19,15.13,2024-01
222,2024-01-29,West,Furniture,234.34,33.61,2024-01
223,2024-01-30,Central,Office Supplies,122.5,18.09,2024-01
224,2024-01-30,Central,Technology,525.33,111.24,2024-01
225,2024-01-30,West,Technology,584.44,110.97,2024-01
226,2024-01-30,West,Office Supplies,192.91,36.63,2024-01
227,2024-01-30,East,Furniture,193.0,30.07,2024-01
228,2024-01-30,South,Furniture,295.75,44.75,2024-01
229,2024-01-31,East,Furniture,345.47,60.27,2024-01
230,2024-01-31,Central,Office Supplies,41.7,5.63,2024-01
231,2024-01-31,West,Technology,181.35,50.79,2024-01
232,2024-01-31,Central,Office Supplies,51.42,7.78,2024-01
233,2024-01-31,Central,Technology,474.6,55.68,2024-01
234,2024-01-31,Central,Office Supplies,136.87,19.94,2024-01
235,2024-01-31,South,Furniture,278.33,46.04,2024-01
236,2024-01-31,West,Furniture,236.29,55.08,2024-01
237,2024-01-31,West,Office Supplies,71.47,14.0,2024-01
238,2024-01-31,West,Technology,513.02,60.39,2024-01
239,2024-02-01,East,Office Supplies,161.84,25.14,2024-02
240,2024-02-01,West,Furniture,381.32,84.85,2024-02
241,2024-02-01,East,Furniture,221.86,62.97,2024-02
242,2024-02-01,South,Technology,544.24,104.46,2024-02
243,2024-02-01,East,Furniture,243.73,43.42,2024-02
244,2024-02-01,West,Technology,502.57,88.43,2024-02
245,2024-02-02,South,Office Supplies,114.39,26.8,2024-02
246,2024-02-02,West,Office Supplies,83.41,16.7,2024-02
247,2024-02-02,East,Furniture,167.88,35.63,2024-02
248,2024-02-02,Central,Technology,438.72,64.7,2024-02
249,2024-02-02,West,Technology,476.61,63.93,2024-02
250,2024-02-02,South,Technology,395.68,110.86,2024-02
251,2024-02-03,Central,Furniture,337.95,56.57,2024-02
252,2024-02-03,Central,Office Supplies,143.7,28.42,2024-02
253,2024-02-03,West,Furniture,341.61,71.22,2024-02
254,2024-02-03,Central,Technology,580.57,96.91,2024-02
255,2024-02-03,East,Office Supplies,66.32,6.49,2024-02
256,2024-02-03,Central,Office Supplies,54.79,9.03,2024-02
257,2024-02-03,West,Furniture,264.85,38.4,2024-02
258,2024-02-03,Central,Office Supplies,25.54,3.72,2024-02
259,2024-02-03,South,Office Supplies,100.92,18.07,2024-02
260,2024-02-04,East,Furniture,316.41,61.4,2024-02
261,2024-02-04,East,Technology,294.44,48.87,2024-02
262,2024-02-04,West,Furniture,163.5,20.41,2024-02
263,2024-02-04,South,Office Supplies,158.57,16.09,2024-02
264,2024-02-04,Central,Furniture,164.03,27.68,2024-02
265,2024-02-04,East,Office Supplies,124.43,14.1,2024-02
266,2024-02-04,Central,Furniture,110.61,22.35,2024-02
267,2024-02-04,South,Office Supplies,129.4,32.12,2024-02
268,2024-02-04,East,Office Supplies,125.14,25.92,2024-02
269,2024-02-04,South,Technology,301.72,44.31,2024-02
270,2024-02-05,Central,Office Supplies,70.12,13.71,2024-02
271,2024-02-05,Central,Technology,374.06,64.9,2024-02
272,2024-02-05,East,Office Supplies,160.48,46.62,2024-02
273,2024-02-05,East,Office Supplies,116.29,35.93,2024-02
274,2024-02-05,South,Furniture,179.68,47.07,2024-02
275,2024-02-05,West,Office Supplies,143.9,37.62,2024-02
276,2024-02-05,West,Furniture,199.1,25.74,2024-02
277,2024-02-05,East,Office Supplies,121.43,17.18,2024-02
278,2024-02-05,East,Technology,432.73,44.23,2024-02
279,2024-02-05,South,Office Supplies,36.26,7.21,2024-02
280,2024-02-05,West,Office Supplies,190.25,38.23,2024-02
281,2024-02-06,East,Office Supplies,89.11,21.55,2024-02
282,2024-02-06,Central,Technology,247.08,40.56,2024-02
283,2024-02-06,South,Technology,569.83,106.61,2024-02
284,2024-02-06,West,Office Supplies,128.07,21.07,2024-02
285,2024-02-06,East,Technology,499.14,113.72,2024-02
286,2024-02-06,East,Furniture,181.23,20.56,2024-02
287,2024-02-06,East,Technology,142.93,29.36,2024-02
288,2024-02-07,South,Technology,479.58,100.7,2024-02
289,2024-02-07,West,Furniture,146.06,23.71,2024-02
290,2024-02-07,Central,Furniture,254.42,47.96,2024-02
291,2024-02-07,South,Furniture,465.68,76.83,2024-02
292,2024-02-07,Central,Furniture,29.0,5.31,2024-02
293,2024-02-07,East,Office Supplies,141.33,25.82,2024-02
294,2024-02-07,West,Furniture,10.0,1.95,2024-02
295,2024-02-07,East,Office Supplies,142.68,16.53,2024-02
296,2024-02-07,Central,Furniture,189.74,33.56,2024-02
297,2024-02-07,South,Furniture,200.68,32.0,2024-02
298,2024-02-07,East,Furniture,276.46,41.08,2024-02
299,2024-02-07,East,Office Supplies,55.56,12.54,2024-02
300,2024-02-08,South,Office Supplies,95.79,4.83,2024-02
301,2024-02-08,East,Furniture,202.2,40.36,2024-02
302,2024-02-08,West,Furniture,248.66,51.96,2024-02
303,2024-02-08,East,Office Supplies,170.26,29.3,2024-02
304,2024-02-08,East,Office Supplies,101.38,13.76,2024-02
305,2024-02-08,Central,Office Supplies,62.38,6.2,2024-02
306,2024-02-08,West,Technology,306.33,71.07,2024-02
307,2024-02-08,Central,Office Supplies,148.47,23.1,2024-02
308,2024-02-09,West,Furniture,257.76,68.59,2024-02
309,2024-02-09,Central,Furniture,270.73,42.58,2024-02
310,2024-02-09,East,Furniture,179.78,44.04,2024-02
311,2024-02-09,West,Furniture,309.52,73.63,2024-02
312,2024-02-09,East,Furniture,274.72,39.73,2024-02
313,2024-02-09,Central,Furniture,303.12,74.43,2024-02
314,2024-02-09,West,Furniture,274.6,36.72,2024-02
315,2024-02-09,Central,Office Supplies,95.5,17.37,2024-02
316,2024-02-10,West,Office Supplies,206.36,25.76,2024-02
317,2024-02-10,South,Furniture,230.64,38.32,2024-02
318,2024-02-10,South,Office Supplies,156.14,23.55,2024-02
319,2024-02-10,South,Technology,376.6,73.11,2024-02
320,2024-02-10,Central,Office Supplies,140.62,30.48,2024-02
321,2024-02-10,Central,Office Supplies,127.6,14.69,2024-02
322,2024-02-10,South,Technology,455.96,67.22,2024-02
323,2024-02-10,South,Furniture,358.35,64.88,2024-02
324,2024-02-10,Central,Office Supplies,130.11,40.35,2024-02
325,2024-02-10,West,Office Supplies,151.64,30.19,2024-02
326,2024-02-10,Central,Technology,380.62,45.21,2024-02
327,2024-02-10,East,Furniture,231.71,31.85,2024-02
328,2024-02-11,Central,Furniture,181.32,38.52,2024-02
329,2024-02-11,South,Office Supplies,82.73,13.08,2024-02
330,2024-02-11,West,Technology,641.77,102.7,2024-02
331,2024-02-11,South,Office Supplies,60.43,5.56,2024-02
332,2024-02-11,Central,Furniture,116.51,28.33,2024-02
333,2024-02-11,Central,Furniture,201.71,62.11,2024-02
334,2024-02-11,Central,Furniture,384.93,107.9,2024-02
335,2024-02-11,Central,Office Supplies,163.01,34.17,2024-02
336,2024-02-11,West,Technology,285.45,51.33,2024-02
337,2024-02-12,West,Office Supplies,116.53,20.27,2024-02
338,2024-02-12,Central,Office Supplies,76.98,20.99,2024-02
339,2024-02-12,Central,Technology,368.29,48.62,2024-02
340,2024-02-12,South,Office Supplies,199.15,51.21,2024-02
341,2024-02-12,East,Office Supplies,125.92,11.53,2024-02
342,2024-02-12,West,Technology,334.75,33.56,2024-02
343,2024-02-12,South,Technology,471.9,72.37,2024-02
344,2024-02-13,Central,Furniture,162.64,31.73,2024-02
345,2024-02-13,Central,Office Supplies,115.79,19.66,2024-02
346,2024-02-13,West,Furniture,230.18,45.66,2024-02
347,2024-02-13,West,Technology,608.98,101.36,2024-02
348,2024-02-13,East,Office Supplies,18.18,4.08,2024-02
349,2024-02-13,West,Technology,409.38,84.25,2024-02
350,2024-02-13,South,Furniture,113.28,17.39,2024-02
351,2024-02-14,East,Furniture,305.38,48.1,2024-02
352,2024-02-14,Central,Office Supplies,107.59,20.19,2024-02
353,2024-02-14,Central,Office Supplies,116.53,16.14,2024-02
354,2024-02-14,West,Furniture,210.77,59.12,2024-02
355,2024-02-14,West,Office Supplies,90.15,16.56,2024-02
356,2024-02-14,West,Technology,309.39,54.78,2024-02
357,2024-02-14,Central,Furniture,187.96,29.04,2024-02
358,2024-02-14,West,Technology,197.54,36.5,2024-02
359,2024-02-14,South,Technology,349.53,71.85,2024-02
360,2024-02-14,West,Technology,391.45,56.06,2024-02
361,2024-02-15,Central,Office Supplies,169.9,35.14,2024-02
362,2024-02-15,West,Technology,229.32,42.63,2024-02
363,2024-02-15,Central,Technology,516.73,81.96,2024-02
364,2024-02-15,South,Furniture,202.18,31.18,2024-02
365,2024-02-15,South,Office Supplies,111.62,13.6,2024-02
366,2024-02-15,Central,Furniture,266.76,51.23,2024-02
367,2024-02-15,West,Technology,437.11,77.7,2024-02
368,2024-02-15,Central,Office Supplies,70.06,11.72,2024-02
369,2024-02-15,East,Office Supplies,195.3,37.34,2024-02
370,2024-02-15,South,Furniture,179.53,37.67,2024-02
371,2024-02-15,South,Technology,653.1,129.01,2024-02
372,2024-02-16,East,Furniture,215.72,28.88,2024-02
373,2024-02-16,West,Office Supplies,171.12,43.82,2024-02
374,2024-02-16,West,Technology,456.52,81.62,2024-02
375,2024-02-16,Central,Furniture,146.83,35.15,2024-02
376,2024-02-16,Central,Furniture,274.79,45.9,2024-02
377,2024-02-16,East,Technology,521.98,58.83,2024-02
378,2024-02-16,Central,Office Supplies,77.99,11.39,2024-02
379,2024-02-16,East,Furniture,294.97,55.74,2024-02
380,2024-02-16,South,Technology,488.86,115.12,2024-02
381,2024-02-16,West,Technology,494.16,135.89,2024-02
382,2024-02-17,East,Office Supplies,110.68,22.26,2024-02
383,2024-02-17,South,Furniture,267.15,52.32,2024-02
384,2024-02-17,South,Furniture,327.76,50.36,2024-02
385,2024-02-17,West,Technology,447.53,66.11,2024-02
386,2024-02-17,West,Furniture,85.04,14.05,2024-02
387,2024-02-17,Central,Furniture,341.88,46.77,2024-02
388,2024-02-17,East,Technology,459.96,103.47,2024-02
389,2024-02-17,Central,Technology,502.8,74.18,2024-02
390,2024-02-18,East,Furniture,273.2,57.95,2024-02
391,2024-02-18,South,Technology,491.46,154.5,2024-02
392,2024-02-18,West,Furniture,378.98,61.55,2024-02
393,2024-02-18,Central,Technology,694.73,86.39,2024-02
394,2024-02-18,Central,Office Supplies,77.39,16.96,2024-02
395,2024-02-18,West,Furniture,227.55,13.62,2024-02
396,2024-02-18,Central,Technology,607.07,127.82,2024-02
397,2024-02-19,East,Furniture,126.95,22.32,2024-02
398,2024-02-19,Central,Furniture,257.21,27.55,2024-02
399,2024-02-19,East,Furniture,222.94,31.75,2024-02
400,2024-02-19,South,Office Supplies,41.24,7.66,2024-02
401,2024-02-19,South,Office Supplies,128.95,18.36,2024-02
402,2024-02-19,East,Furniture,344.15,62.31,2024-02
403,2024-02-20,West,Technology,420.28,62.73,2024-02
404,2024-02-20,Central,Furniture,177.17,12.32,2024-02
405,2024-02-20,West,Furniture,383.12,59.56,2024-02
406,2024-02-20,East,Furniture,294.79,50.58,2024-02
407,2024-02-20,Central,Office Supplies,169.4,15.81,2024-02
408,2024-02-20,East,Office Supplies,128.68,28.05,2024-02
409,2024-02-20,South,Office Supplies,122.45,17.48,2024-02
410,2024-02-20,East,Furniture,101.5,14.99,2024-02
411,2024-02-20,West,Office Supplies,37.71,8.17,2024-02
412,2024-02-20,Central,Office Supplies,139.78,31.07,2024-02
413,2024-02-21,Central,Office Supplies,78.55,19.96,2024-02
414,2024-02-21,East,Office Supplies,79.5,12.6,2024-02
415,2024-02-21,East,Office Supplies,60.67,14.6,2024-02
416,2024-02-21,East,Office Supplies,166.63,20.13,2024-02
417,2024-02-21,Central,Office Supplies,199.44,31.29,2024-02
418,2024-02-21,East,Office Supplies,120.23,18.78,2024-02
419,2024-02-21,South,Office Supplies,73.88,11.96,2024-02
420,2024-02-21,East,Technology,147.47,23.93,2024-02
421,2024-02-21,South,Furniture,241.82,46.3,2024-02
422,2024-02-21,South,Office Supplies,55.33,5.85,2024-02
423,2024-02-21,West,Office Supplies,127.7,15.45,2024-02
424,2024-02-21,West,Technology,369.32,89.15,2024-02
425,2024-02-21,West,Furniture,139.62,19.09,2024-02
426,2024-02-22,Central,Furniture,209.29,36.56,2024-02
427,2024-02-22,West,Office Supplies,130.66,26.57,2024-02
428,2024-02-22,West,Technology,443.13,71.09,2024-02
429,2024-02-22,East,Technology,487.02,78.66,2024-02
430,2024-02-22,South,Furniture,283.0,50.53,2024-02
431,2024-02-22,West,Technology,151.78,36.9,2024-02
432,2024-02-22,West,Furniture,197.88,49.22,2024-02
433,2024-02-22,West,Office Supplies,164.35,31.42,2024-02
434,2024-02-22,South,Office Supplies,141.89,30.12,2024-02
435,2024-02-22,Central,Technology,372.37,64.21,2024-02
436,2024-02-22,South,Office Supplies,144.93,4.78,2024-02
437,2024-02-22,Central,Technology,397.38,63.81,2024-02
438,2024-02-23,South,Furniture,203.13,45.26,2024-02
439,2024-02-23,East,Office Supplies,141.63,30.56,2024-02
440,2024-02-23,East,Technology,497.59,118.99,2024-02
441,2024-02-23,Central,Technology,292.61,55.77,2024-02
442,2024-02-23,West,Furniture,106.48,10.47,2024-02
443,2024-02-23,East,Furniture,259.34,44.93,2024-02
444,2024-02-23,South,Furniture,252.64,53.16,2024-02
445,2024-02-23,West,Furniture,377.31,67.97,2024-02
446,2024-02-24,East,Furniture,322.58,54.94,2024-02
447,2024-02-24,West,Office Supplies,146.69,17.31,2024-02
448,2024-02-24,South,Office Supplies,177.15,20.29,2024-02
449,2024-02-24,East,Technology,10.0,1.89,2024-02
450,2024-02-25,Central,Furniture,89.58,16.0,2024-02
451,2024-02-25,East,Office Supplies,93.7,16.94,2024-02
452,2024-02-25,West,Office Supplies,83.95,19.83,2024-02
453,2024-02-25,East,Office Supplies,150.6,23.43,2024-02
454,2024-02-25,West,Technology,377.66,85.82,2024-02
455,2024-02-25,South,Office Supplies,117.25,32.72,2024-02
456,2024-02-25,West,Office Supplies,141.93,19.75,2024-02
457,2024-02-25,Central,Technology,252.25,58.75,2024-02
458,2024-02-25,East,Technology,338.66,63.33,2024-02
459,2024-02-25,West,Technology,10.0,1.81,2024-02
460,2024-02-26,South,Technology,487.11,59.94,2024-02
461,2024-02-26,West,Technology,493.87,62.43,2024-02
462,2024-02-26,Central,Furniture,282.94,38.17,2024-02
463,2024-02-26,Central,Furniture,145.93,38.25,2024-02
464,2024-02-26,Central,Furniture,221.25,46.5,2024-02
465,2024-02-26,West,Furniture,253.58,32.94,2024-02
466,2024-02-27,East,Office Supplies,12.38,2.11,2024-02
467,2024-02-27,West,Office Supplies,119.19,19.89,2024-02
468,2024-02-27,South,Office Supplies,70.41,16.6,2024-02
469,2024-02-27,Central,Technology,461.39,83.5,2024-02
470,2024-02-27,East,Furniture,308.88,64.74,2024-02
471,2024-02-28,Central,Office Supplies,67.96,7.25,2024-02
472,2024-02-28,East,Furniture,264.42,48.27,2024-02
473,2024-02-28,South,Furniture,265.17,50.96,2024-02
474,2024-02-29,West,Office Supplies,90.81,16.16,2024-02
475,2024-02-29,South,Technology,475.19,86.76,2024-02
476,2024-02-29,East,Office Supplies,92.19,13.84,2024-02
477,2024-02-29,East,Office Supplies,136.52,34.22,2024-02
478,2024-02-29,East,Technology,218.26,56.51,2024-02
479,2024-02-29,Central,Furniture,305.87,51.44,2024-02
480,2024-03-01,Central,Office Supplies,52.48,9.93,2024-03
481,2024-03-01,West,Office Supplies,112.02,18.16,2024-03
482,2024-03-01,South,Office Supplies,27.1,6.96,2024-03
483,2024-03-01,East,Furniture,125.4,20.9,2024-03
484,2024-03-01,East,Technology,339.91,71.19,2024-03
485,2024-03-01,South,Furniture,110.16,22.38,2024-03
486,2024-03-02,West,Office Supplies,150.23,17.33,2024-03
487,2024-03-02,Central,Furniture,379.86,75.13,2024-03
488,2024-03-02,West,Furniture,140.59,29.56,2024-03
489,2024-03-02,West,Technology,334.19,64.6,2024-03
490,2024-03-02,West,Furniture,433.73,72.71,2024-03
491,2024-03-02,East,Furniture,315.12,53.87,2024-03
492,2024-03-02,South,Furniture,193.18,47.53,2024-03
493,2024-03-02,West,Technology,138.68,31.95,2024-03
494,2024-03-02,Central,Furniture,77.62,17.43,2024-03
495,2024-03-02,Central,Furniture,251.25,33.24,2024-03
496,2024-03-02,East,Furniture,214.38,45.95,2024-03
497,2024-03-02,South,Office Supplies,203.01,20.66,2024-03
498,2024-03-02,West,Technology,274.17,31.11,2024-03
499,2024-03-03,East,Furniture,250.97,54.08,2024-03
500,2024-03-03,West,Technology,333.0,75.89,2024-03
501,2024-03-03,Central,Technology,266.69,53.64,2024-03
502,2024-03-03,South,Office Supplies,95.94,9.27,2024-03
503,2024-03-03,East,Furniture,310.4,16.17,2024-03
504,2024-03-03,East,Technology,297.59,38.34,2024-03
505,2024-03-03,West,Furniture,356.52,78.8,2024-03
506,2024-03-03,South,Office Supplies,75.38,9.05,2024-03
507,2024-03-03,Central,Technology,335.56,41.35,2024-03
508,2024-03-03,South,Technology,604.36,56.81,2024-03
509,2024-03-03,Central,Furniture,407.69,81.19,2024-03
510,2024-03-03,East,Technology,479.59,88.85,2024-03
511,2024-03-04,West,Office Supplies,145.48,24.85,2024-03
512,2024-03-04,South,Office Supplies,106.53,28.74,2024-03
513,2024-03-04,South,Office Supplies,147.97,29.75,2024-03
514,2024-03-04,West,Technology,321.84,40.23,2024-03
515,2024-03-04,West,Technology,461.53,101.05,2024-03
516,2024-03-04,Central,Office Supplies,119.76,25.56,2024-03
517,2024-03-05,East,Office Supplies,117.47,23.82,2024-03
518,2024-03-05,East,Office Supplies,128.11,31.51,2024-03
519,2024-03-05,South,Furniture,409.18,74.47,2024-03
520,2024-03-05,South,Furniture,271.32,67.65,2024-03
521,2024-03-05,West,Furniture,152.25,19.7,2024-03
522,2024-03-05,South,Office Supplies,92.73,20.27,2024-03
523,2024-03-06,West,Furniture,159.93,17.97,2024-03
524,2024-03-06,Central,Furniture,194.94,50.04,2024-03
525,2024-03-06,East,Technology,324.99,30.75,2024-03
526,2024-03-06,Central,Furniture,236.36,36.06,2024-03
527,2024-03-06,South,Office Supplies,166.93,42.14,2024-03
528,2024-03-06,East,Office Supplies,102.63,19.81,2024-03
529,2024-03-07,South,Furniture,382.44,57.11,2024-03
530,2024-03-07,Central,Office Supplies,73.45,7.12,2024-03
531,2024-03-07,West,Furniture,97.1,16.86,2024-03
532,2024-03-07,West,Office Supplies,123.68,24.71,2024-03
533,2024-03-07,East,Furniture,242.7,45.94,2024-03
534,2024-03-07,East,Office Supplies,182.94,44.34,2024-03
535,2024-03-08,West,Furniture,339.05,65.63,2024-03
536,2024-03-08,South,Furniture,298.25,58.76,2024-03
537,2024-03-08,East,Office Supplies,163.99,39.11,2024-03
538,2024-03-08,West,Furniture,116.03,23.87,2024-03
539,2024-03-08,West,Technology,557.41,91.02,2024-03
540,2024-03-08,East,Office Supplies,119.01,20.38,2024-03
541,2024-03-09,Central,Office Supplies,65.72,14.1,2024-03
542,2024-03-09,Central,Furniture,275.74,46.4,2024-03
543,2024-03-09,Central,Furniture,181.42,26.39,2024-03
544,2024-03-09,West,Furniture,244.12,35.21,2024-03
545,2024-03-09,Central,Office Supplies,95.64,18.36,2024-03
546,2024-03-09,South,Technology,469.96,95.68,2024-03
547,2024-03-09,South,Office Supplies,140.25,16.57,2024-03
548,2024-03-10,South,Office Supplies,110.3,27.87,2024-03
549,2024-03-10,Central,Furniture,196.99,52.39,2024-03
550,2024-03-10,West,Office Supplies,96.92,21.61,2024-03
551,2024-03-10,West,Furniture,252.22,21.19,2024-03
552,2024-03-10,East,Office Supplies,99.29,25.04,2024-03
553,2024-03-10,Central,Furniture,225.59,37.45,2024-03
554,2024-03-10,East,Furniture,319.16,62.87,2024-03
555,2024-03-10,South,Office Supplies,106.09,15.85,2024-03
556,2024-03-10,West,Furniture,508.05,123.07,2024-03
557,2024-03-11,West,Office Supplies,61.17,11.05,2024-03
558,2024-03-11,South,Office Supplies,127.34,23.97,2024-03
559,2024-03-11,Central,Office Supplies,73.67,14.58,2024-03
560,2024-03-11,Central,Furniture,159.26,34.59,2024-03
561,2024-03-11,East,Furniture,259.81,69.43,2024-03
562,2024-03-11,East,Furniture,225.41,45.36,2024-03
563,2024-03-11,West,Furniture,259.25,26.87,2024-03
564,2024-03-11,Central,Furniture,237.22,35.67,2024-03
565,2024-03-11,East,Furniture,259.85,52.55,2024-03
566,2024-03-11,Central,Office Supplies,176.35,11.19,2024-03
567,2024-03-11,Central,Office Supplies,120.02,13.82,2024-03
568,2024-03-11,West,Technology,476.84,138.74,2024-03
569,2024-03-12,East,Office Supplies,114.45,21.61,2024-03
570,2024-03-12,West,Office Supplies,118.08,16.74,2024-03
571,2024-03-12,Central,Office Supplies,73.95,16.41,2024-03
572,2024-03-12,East,Office Supplies,172.27,32.15,2024-03
573,2024-03-12,South,Technology,107.99,18.43,2024-03
574,2024-03-13,East,Technology,518.78,35.1,2024-03
575,2024-03-13,South,Furniture,196.91,37.52,2024-03
576,2024-03-13,West,Technology,137.28,28.96,2024-03
577,2024-03-13,East,Office Supplies,93.78,16.01,2024-03
578,2024-03-13,West,Office Supplies,157.68,38.43,2024-03
579,2024-03-13,Central,Furniture,307.01,37.8,2024-03
580,2024-03-13,West,Furniture,302.39,64.54,2024-03
581,2024-03-13,West,Furniture,290.01,73.31,2024-03
582,2024-03-13,Central,Technology,411.74,103.15,2024-03
583,2024-03-13,East,Office Supplies,178.94,38.45,2024-03
584,2024-03-14,West,Office Supplies,84.4,12.44,2024-03
585,2024-03-14,West,Furniture,217.58,23.87,2024-03
586,2024-03-14,South,Office Supplies,81.87,20.96,2024-03
587,2024-03-14,South,Office Supplies,92.37,20.57,2024-03
588,2024-03-14,Central,Furniture,265.04,55.04,2024-03
589,2024-03-14,West,Furniture,302.26,40.07,2024-03
590,2024-03-14,East,Office Supplies,155.62,18.42,2024-03
591,2024-03-14,South,Technology,302.45,63.24,2024-03
592,2024-03-14,East,Office Supplies,77.64,6.36,2024-03
593,2024-03-14,East,Furniture,280.59,28.55,2024-03
594,2024-03-14,East,Office Supplies,148.52,24.49,2024-03
595,2024-03-15,South,Furniture,316.22,66.6,2024-03
596,2024-03-15,South,Technology,257.66,43.24,2024-03
597,2024-03-15,East,Office Supplies,134.02,33.72,2024-03
598,2024-03-15,West,Office Supplies,146.13,36.01,2024-03
599,2024-03-15,Central,Furniture,283.85,66.58,2024-03
600,2024-03-15,Central,Office Supplies,130.47,30.3,2024-03
601,2024-03-15,Central,Technology,350.8,90.57,2024-03
602,2024-03-15,Central,Office Supplies,140.99,15.51,2024-03
603,2024-03-15,South,Technology,451.47,33.86,2024-03
604,2024-03-16,South,Furniture,421.73,75.99,2024-03
605,2024-03-16,Central,Office Supplies,88.82,13.83,2024-03
606,2024-03-16,Central,Office Supplies,143.64,19.54,2024-03
607,2024-03-16,West,Office Supplies,105.92,20.88,2024-03
608,2024-03-16,East,Technology,617.58,137.53,2024-03
609,2024-03-16,South,Technology,406.09,84.43,2024-03
610,2024-03-16,West,Office Supplies,130.14,15.94,2024-03
611,2024-03-16,West,Technology,645.77,167.03,2024-03
612,2024-03-16,West,Furniture,243.53,38.34,2024-03
613,2024-03-16,East,Office Supplies,72.51,15.31,2024-03
614,2024-03-16,South,Technology,488.13,68.23,2024-03
615,2024-03-17,West,Furniture,231.99,33.1,2024-03
616,2024-03-17,East,Furniture,234.53,24.06,2024-03
617,2024-03-17,West,Furniture,227.58,38.22,2024-03
618,2024-03-17,South,Technology,391.35,79.83,2024-03
619,2024-03-17,West,Technology,231.55,29.61,2024-03
620,2024-03-17,East,Furniture,182.63,21.04,2024-03
621,2024-03-17,Central,Furniture,302.07,45.95,2024-03
622,2024-03-17,East,Furniture,247.25,34.02,2024-03
623,2024-03-17,West,Office Supplies,104.9,20.46,2024-03
624,2024-03-18,West,Furniture,146.24,9.34,2024-03
625,2024-03-18,Central,Office Supplies,167.44,35.85,2024-03
626,2024-03-18,South,Furniture,357.09,66.72,2024-03
627,2024-03-18,South,Technology,234.19,36.31,2024-03
628,2024-03-18,West,Office Supplies,10.0,1.07,2024-03
629,2024-03-18,South,Office Supplies,108.53,25.26,2024-03
630,2024-03-19,Central,Office Supplies,68.2,14.53,2024-03
631,2024-03-19,Central,Office Supplies,82.52,16.51,2024-03
632,2024-03-19,Central,Furniture,170.49,24.59,2024-03
633,2024-03-19,East,Technology,453.25,77.26,2024-03
634,2024-03-19,South,Office Supplies,105.3,13.71,2024-03
635,2024-03-19,Central,Office Supplies,124.88,17.2,2024-03
636,2024-03-19,South,Technology,472.8,61.99,2024-03
637,2024-03-20,South,Technology,589.56,126.43,2024-03
638,2024-03-20,East,Office Supplies,89.99,15.02,2024-03
639,2024-03-20,West,Technology,308.13,44.17,2024-03
640,2024-03-20,South,Office Supplies,186.82,31.71,2024-03
641,2024-03-20,East,Office Supplies,201.45,22.15,2024-03
642,2024-03-21,West,Office Supplies,152.26,29.05,2024-03
643,2024-03-21,West,Office Supplies,32.47,8.64,2024-03
644,2024-03-21,South,Furniture,246.02,39.06,2024-03
645,2024-03-21,East,Furniture,200.14,39.32,2024-03
646,2024-03-21,Central,Furniture,213.58,26.38,2024-03
647,2024-03-21,South,Office Supplies,97.52,19.3,2024-03
648,2024-03-22,South,Office Supplies,89.81,19.51,2024-03
649,2024-03-22,West,Furniture,258.03,49.7,2024-03
650,2024-03-22,South,Furniture,388.09,88.98,2024-03
651,2024-03-22,West,Technology,275.51,62.75,2024-03
652,2024-03-22,West,Technology,522.65,132.56,2024-03
653,2024-03-22,South,Furniture,197.15,33.22,2024-03
654,2024-03-22,West,Furniture,337.2,52.83,2024-03
655,2024-03-23,Central,Furniture,245.17,50.07,2024-03
656,2024-03-23,West,Furniture,431.62,69.66,2024-03
657,2024-03-23,Central,Technology,521.13,98.15,2024-03
658,2024-03-23,South,Technology,488.96,60.69,2024-03
659,2024-03-23,West,Office Supplies,108.65,22.78,2024-03
660,2024-03-23,Central,Furniture,206.05,32.01,2024-03
661,2024-03-24,Central,Office Supplies,158.28,29.33,2024-03
662,2024-03-24,West,Office Supplies,142.83,27.14,2024-03
663,2024-03-24,South,Office Supplies,150.76,29.31,2024-03
664,2024-03-24,West,Furniture,239.26,44.18,2024-03
665,2024-03-24,Central,Office Supplies,183.69,38.59,2024-03
666,2024-03-24,East,Office Supplies,80.02,14.71,2024-03
667,2024-03-24,East,Office Supplies,134.04,23.09,2024-03
668,2024-03-24,South,Technology,132.91,18.21,2024-03
669,2024-03-25,Central,Furniture,86.76,20.08,2024-03
670,2024-03-25,South,Technology,97.0,15.87,2024-03
671,2024-03-25,West,Technology,249.07,36.9,2024-03
672,2024-03-25,East,Office Supplies,171.82,30.37,2024-03
673,2024-03-26,South,Office Supplies,98.59,17.92,2024-03
674,2024-03-26,West,Office Supplies,139.05,18.2,2024-03
675,2024-03-26,South,Office Supplies,105.61,19.91,2024-03
676,2024-03-26,West,Furniture,303.39,56.99,2024-03
677,2024-03-26,Central,Furniture,312.53,24.22,2024-03
678,2024-03-26,West,Technology,459.57,110.23,2024-03
679,2024-03-26,West,Furniture,224.75,31.65,2024-03
680,2024-03-26,West,Office Supplies,96.67,18.39,2024-03
681,2024-03-27,East,Technology,187.97,36.86,2024-03
682,2024-03-27,West,Office Supplies,129.46,27.79,2024-03
683,2024-03-27,Central,Office Supplies,128.5,33.61,2024-03
684,2024-03-27,Central,Office Supplies,152.56,31.68,2024-03
685,2024-03-27,East,Technology,568.07,106.24,2024-03
686,2024-03-28,West,Furniture,381.92,55.53,2024-03
687,2024-03-28,West,Office Supplies,176.56,27.59,2024-03
688,2024-03-28,West,Technology,410.28,66.95,2024-03
689,2024-03-28,Central,Office Supplies,138.63,16.97,2024-03
690,2024-03-28,East,Furniture,53.29,12.95,2024-03
691,2024-03-28,East,Furniture,380.91,59.5,2024-03
692,2024-03-28,South,Furniture,176.46,29.78,2024-03
693,2024-03-28,East,Office Supplies,72.43,14.28,2024-03
694,2024-03-28,East,Furniture,217.3,33.6,2024-03
695,2024-03-28,South,Technology,316.85,55.35,2024-03
696,2024-03-29,Central,Furniture,190.79,43.93,2024-03
697,2024-03-29,East,Office Supplies,134.46,23.7,2024-03
698,2024-03-29,West,Furniture,160.79,36.46,2024-03
699,2024-03-30,South,Technology,384.51,51.97,2024-03
700,2024-03-30,West,Technology,10.0,1.61,2024-03
701,2024-03-30,West,Office Supplies,68.03,12.62,2024-03
702,2024-03-30,Central,Technology,315.09,63.9,2024-03
703,2024-03-30,East,Furniture,148.99,13.77,2024-03
704,2024-03-30,Central,Furniture,241.55,38.45,2024-03
705,2024-03-30,Central,Furniture,134.75,29.48,2024-03
706,2024-03-30,South,Technology,259.69,36.97,2024-03
707,2024-03-31,East,Technology,525.01,142.53,2024-03
708,2024-03-31,South,Furniture,449.64,67.05,2024-03
709,2024-03-31,West,Office Supplies,149.93,12.87,2024-03
710,2024-03-31,South,Furniture,266.2,53.58,2024-03
711,2024-03-31,South,Office Supplies,80.0,11.69,2024-03
712,2024-03-31,Central,Furniture,328.78,66.6,2024-03
713,2024-03-31,West,Office Supplies,190.02,48.68,2024-03
714,2024-03-31,Central,Office Supplies,50.42,7.75,2024-03
715,2024-03-31,Central,Furniture,158.11,34.45,2024-03
716,2024-03-31,Central,Office Supplies,131.92,17.23,2024-03
717,2024-03-31,South,Furniture,175.9,42.65,2024-03
718,2024-04-01,West,Furniture,156.3,43.07,2024-04
719,2024-04-01,West,Furniture,338.15,39.65,2024-04
720,2024-04-01,South,Furniture,266.16,60.39,2024-04
721,2024-04-01,Central,Office Supplies,49.92,11.63,2024-04
722,2024-04-01,South,Office Supplies,138.53,19.86,2024-04
723,2024-04-02,West,Furniture,353.84,89.1,2024-04
724,2024-04-02,Central,Furniture,170.85,40.77,2024-04
725,2024-04-02,Central,Office Supplies,83.11,13.39,2024-04
726,2024-04-02,East,Technology,432.4,91.81,2024-04
727,2024-04-02,East,Office Supplies,157.02,33.93,2024-04
728,2024-04-02,East,Furniture,169.83,42.08,2024-04
729,2024-04-02,West,Furniture,352.39,65.8,2024-04
730,2024-04-02,South,Office Supplies,83.81,15.21,2024-04
731,2024-04-02,West,Office Supplies,54.42,13.89,2024-04
732,2024-04-03,South,Office Supplies,164.9,30.43,2024-04
733,2024-04-03,South,Office Supplies,96.4,22.24,2024-04
734,2024-04-03,West,Office Supplies,170.65,40.46,2024-04
735,2024-04-03,West,Furniture,169.77,33.33,2024-04
736,2024-04-04,West,Office Supplies,163.9,32.37,2024-04
737,2024-04-04,East,Furniture,473.54,70.03,2024-04
738,2024-04-04,West,Furniture,353.29,103.84,2024-04
739,2024-04-04,East,Office Supplies,202.78,36.3,2024-04
740,2024-04-04,West,Furniture,323.18,62.03,2024-04
741,2024-04-04,South,Office Supplies,86.31,21.43,2024-04
742,2024-04-04,Central,Office Supplies,145.15,19.45,2024-04
743,2024-04-04,Central,Office Supplies,104.28,17.96,2024-04
744,2024-04-04,Central,Office Supplies,171.4,20.78,2024-04
745,2024-04-05,West,Office Supplies,139.24,18.24,2024-04
746,2024-04-05,South,Office Supplies,71.56,6.84,2024-04
747,2024-04-05,East,Technology,148.86,16.71,2024-04
748,2024-04-05,Central,Office Supplies,97.91,18.49,2024-04
749,2024-04-05,South,Technology,456.07,85.08,2024-04
750,2024-04-05,East,Office Supplies,180.94,48.92,2024-04
751,2024-04-05,West,Furniture,225.52,29.72,2024-04
752,2024-04-05,East,Office Supplies,210.93,50.52,2024-04
753,2024-04-05,South,Office Supplies,166.45,25.27,2024-04
754,2024-04-05,West,Furniture,325.39,60.83,2024-04
755,2024-04-06,South,Technology,568.35,111.31,2024-04
756,2024-04-06,East,Office Supplies,166.0,33.48,2024-04
757,2024-04-06,Central,Furniture,298.96,41.65,2024-04
758,2024-04-06,East,Office Supplies,230.61,47.64,2024-04
759,2024-04-06,South,Office Supplies,177.92,31.28,2024-04
760,2024-04-06,South,Furniture,198.38,44.08,2024-04
761,2024-04-07,East,Office Supplies,133.69,32.14,2024-04
762,2024-04-07,West,Technology,577.68,110.13,2024-04
763,2024-04-07,Central,Technology,186.98,49.99,2024-04
764,2024-04-07,South,Office Supplies,63.55,13.04,2024-04
765,2024-04-07,Central,Office Supplies,178.82,37.14,2024-04
766,2024-04-07,West,Furniture,198.16,38.0,2024-04
767,2024-04-07,West,Furniture,204.75,31.24,2024-04
768,2024-04-08,West,Furniture,261.07,37.4,2024-04
769,2024-04-08,Central,Technology,476.57,87.42,2024-04
770,2024-04-08,East,Furniture,434.07,91.08,2024-04
771,2024-04-08,East,Technology,331.68,73.32,2024-04
772,2024-04-08,East,Furniture,106.71,19.85,2024-04
773,2024-04-08,West,Technology,444.68,82.96,2024-04
774,2024-04-08,East,Office Supplies,86.85,16.08,2024-04
775,2024-04-09,East,Furniture,259.66,53.33,2024-04
776,2024-04-09,Central,Furniture,128.04,19.42,2024-04
777,2024-04-09,East,Furniture,304.32,70.6,2024-04
778,2024-04-09,West,Office Supplies,82.31,9.41,2024-04
779,2024-04-09,Central,Technology,470.38,76.48,2024-04
780,2024-04-10,South,Technology,288.62,58.08,2024-04
781,2024-04-10,West,Office Supplies,141.12,7.81,2024-04
782,2024-04-10,South,Furniture,165.5,43.27,2024-04
783,2024-04-10,East,Furniture,199.09,24.15,2024-04
784,2024-04-10,Central,Office Supplies,43.07,5.49,2024-04
785,2024-04-10,Central,Office Supplies,115.66,13.65,2024-04
786,2024-04-10,Central,Office Supplies,148.52,20.7,2024-04
787,2024-04-10,East,Office Supplies,133.9,33.82,2024-04
788,2024-04-10,West,Office Supplies,177.81,34.79,2024-04
789,2024-04-10,Central,Office Supplies,73.31,13.07,2024-04
790,2024-04-11,West,Furniture,306.05,56.97,2024-04
791,2024-04-11,East,Office Supplies,129.78,18.45,2024-04
792,2024-04-11,Central,Office Supplies,160.25,29.26,2024-04
793,2024-04-11,East,Furniture,270.04,63.11,2024-04
794,2024-04-11,South,Office Supplies,107.51,26.4,2024-04
795,2024-04-12,Central,Office Supplies,200.66,23.85,2024-04
796,2024-04-12,East,Furniture,256.23,29.55,2024-04
797,2024-04-12,East,Furniture,358.46,57.42,2024-04
798,2024-04-12,East,Office Supplies,164.87,34.66,2024-04
799,2024-04-12,South,Furniture,451.57,47.88,2024-04
800,2024-04-12,Central,Office Supplies,79.12,18.23,2024-04
801,2024-04-12,South,Furniture,279.41,47.12,2024-04
802,2024-04-13,West,Office Supplies,143.51,27.18,2024-04
803,2024-04-13,West,Technology,506.42,117.85,2024-04
804,2024-04-13,South,Office Supplies,136.04,18.9,2024-04
805,2024-04-13,Central,Office Supplies,120.93,12.93,2024-04
806,2024-04-13,West,Office Supplies,174.19,38.01,2024-04
807,2024-04-13,East,Office Supplies,85.0,12.59,2024-04
808,2024-04-13,Central,Technology,587.8,85.44,2024-04
809,2024-04-13,South,Technology,188.85,23.07,2024-04
810,2024-04-14,South,Technology,509.6,80.74,2024-04
811,2024-04-14,South,Technology,462.27,64.12,2024-04
812,2024-04-14,South,Office Supplies,120.3,9.1,2024-04
813,2024-04-14,Central,Office Supplies,104.88,15.06,2024-04
814,2024-04-15,Central,Office Supplies,143.24,23.15,2024-04
815,2024-04-15,East,Furniture,232.17,62.76,2024-04
816,2024-04-15,South,Office Supplies,134.23,21.92,2024-04
817,2024-04-15,West,Furniture,257.97,69.74,2024-04
818,2024-04-15,Central,Office Supplies,135.91,27.03,2024-04
819,2024-04-15,Central,Furniture,291.39,66.11,2024-04
820,2024-04-15,Central,Office Supplies,135.18,28.44,2024-04
821,2024-04-15,East,Office Supplies,123.05,23.3,2024-04
822,2024-04-15,Central,Furniture,337.2,48.39,2024-04
823,2024-04-15,West,Furniture,252.09,42.05,2024-04
824,2024-04-15,South,Office Supplies,62.53,7.34,2024-04
825,2024-04-15,West,Office Supplies,120.64,28.04,2024-04
826,2024-04-16,West,Technology,471.43,73.43,2024-04
827,2024-04-16,Central,Office Supplies,50.47,8.36,2024-04
828,2024-04-16,Central,Office Supplies,157.66,15.2,2024-04
829,2024-04-16,South,Office Supplies,110.41,23.3,2024-04
830,2024-04-16,East,Furniture,126.7,20.22,2024-04
831,2024-04-16,East,Technology,467.03,99.94,2024-04
832,2024-04-16,East,Furniture,263.07,43.56,2024-04
833,2024-04-17,East,Technology,575.4,90.68,2024-04
834,2024-04-17,West,Office Supplies,124.34,35.08,2024-04
835,2024-04-17,South,Technology,438.83,78.5,2024-04
836,2024-04-17,West,Technology,286.18,63.29,2024-04
837,2024-04-17,West,Technology,263.45,64.59,2024-04
838,2024-04-17,East,Office Supplies,147.92,22.54,2024-04
839,2024-04-17,West,Technology,290.52,41.26,2024-04
840,2024-04-17,East,Furniture,95.03,19.35,2024-04
841,2024-04-18,West,Furniture,169.45,26.33,2024-04
842,2024-04-18,Central,Furniture,172.02,33.71,2024-04
843,2024-04-18,East,Technology,467.9,73.28,2024-04
844,2024-04-18,West,Furniture,232.24,44.36,2024-04
845,2024-04-18,South,Furniture,387.36,71.05,2024-04
846,2024-04-18,South,Technology,310.51,42.06,2024-04
847,2024-04-18,West,Office Supplies,159.18,10.88,2024-04
848,2024-04-18,East,Office Supplies,98.48,13.3,2024-04
849,2024-04-19,East,Furniture,216.5,37.63,2024-04
850,2024-04-19,East,Office Supplies,103.2,19.97,2024-04
851,2024-04-19,South,Office Supplies,91.86,21.92,2024-04
852,2024-04-19,Central,Furniture,353.42,72.11,2024-04
853,2024-04-19,East,Furniture,340.66,37.08,2024-04
854,2024-04-19,West,Furniture,358.29,71.3,2024-04
855,2024-04-19,West,Furniture,196.25,28.36,2024-04
856,2024-04-19,West,Office Supplies,187.57,41.53,2024-04
857,2024-04-20,Central,Furniture,152.88,36.29,2024-04
858,2024-04-20,East,Office Supplies,94.62,10.49,2024-04
859,2024-04-20,East,Furniture,203.08,33.87,2024-04
860,2024-04-20,South,Furniture,157.14,27.93,2024-04
861,2024-04-20,West,Technology,492.78,68.81,2024-04
862,2024-04-20,West,Technology,616.34,185.34,2024-04
863,2024-04-20,East,Furniture,228.45,47.93,2024-04
864,2024-04-20,West,Technology,453.37,78.53,2024-04
865,2024-04-21,West,Technology,319.38,11.18,2024-04
866,2024-04-21,West,Technology,611.87,122.31,2024-04
867,2024-04-21,South,Furniture,350.72,59.29,2024-04
868,2024-04-21,West,Technology,422.35,88.09,2024-04
869,2024-04-21,Central,Technology,353.43,82.94,2024-04
870,2024-04-21,East,Office Supplies,96.72,26.79,2024-04
871,2024-04-21,Central,Office Supplies,72.31,14.78,2024-04
872,2024-04-21,Central,Office Supplies,92.52,12.35,2024-04
873,2024-04-21,Central,Office Supplies,82.87,4.19,2024-04
874,2024-04-22,East,Technology,505.38,60.96,2024-04
875,2024-04-22,South,Office Supplies,139.91,20.14,2024-04
876,2024-04-22,Central,Office Supplies,41.86,9.34,2024-04
877,2024-04-22,Central,Furniture,338.2,51.58,2024-04
878,2024-04-22,Central,Office Supplies,168.91,29.67,2024-04
879,2024-04-22,West,Technology,413.58,71.46,2024-04
880,2024-04-22,South,Furniture,144.28,24.16,2024-04
881,2024-04-23,Central,Technology,297.57,81.69,2024-04
882,2024-04-23,South,Office Supplies,122.07,26.67,2024-04
883,2024-04-23,West,Furniture,196.78,38.99,2024-04
884,2024-04-23,West,Office Supplies,204.64,50.04,2024-04
885,2024-04-23,East,Office Supplies,134.6,24.81,2024-04
886,2024-04-23,Central,Technology,470.87,118.83,2024-04
887,2024-04-24,East,Office Supplies,88.07,24.36,2024-04
888,2024-04-24,West,Office Supplies,143.13,24.37,2024-04
889,2024-04-24,South,Office Supplies,169.7,23.26,2024-04
890,2024-04-24,East,Office Supplies,145.07,24.43,2024-04
891,2024-04-24,East,Office Supplies,115.54,30.65,2024-04
892,2024-04-24,East,Technology,734.71,146.1,2024-04
893,2024-04-24,East,Office Supplies,88.06,15.29,2024-04
894,2024-04-24,East,Technology,299.89,44.84,2024-04
895,2024-04-24,West,Technology,416.55,60.94,2024-04
896,2024-04-24,East,Furniture,353.04,59.79,2024-04
897,2024-04-25,West,Furniture,181.65,30.34,2024-04
898,2024-04-25,Central,Technology,623.8,137.3,2024-04
899,2024-04-25,West,Office Supplies,71.65,2.73,2024-04
900,2024-04-25,Central,Furniture,295.23,49.87,2024-04
901,2024-04-25,East,Office Supplies,128.6,28.07,2024-04
902,2024-04-25,West,Furniture,331.59,52.8,2024-04
903,2024-04-26,Central,Furniture,290.27,55.08,2024-04
904,2024-04-26,Central,Furniture,377.94,76.51,2024-04
905,2024-04-26,West,Technology,504.99,97.95,2024-04
906,2024-04-26,Central,Furniture,163.23,24.22,2024-04
907,2024-04-26,South,Technology,233.51,54.34,2024-04
908,2024-04-27,West,Furniture,224.62,36.37,2024-04
909,2024-04-27,Central,Office Supplies,104.72,19.11,2024-04
910,2024-04-27,East,Office Supplies,123.34,22.6,2024-04
911,2024-04-27,East,Office Supplies,111.34,24.27,2024-04
912,2024-04-27,South,Furniture,264.62,53.15,2024-04
913,2024-04-27,West,Technology,272.41,32.43,2024-04
914,2024-04-28,South,Office Supplies,170.91,26.55,2024-04
915,2024-04-28,West,Technology,305.33,38.25,2024-04
916,2024-04-28,Central,Office Supplies,74.46,21.28,2024-04
917,2024-04-28,Central,Furniture,237.29,38.91,2024-04
918,2024-04-28,West,Furniture,148.65,14.26,2024-04
919,2024-04-28,East,Office Supplies,190.74,43.87,2024-04
920,2024-04-28,West,Office Supplies,125.72,6.16,2024-04
921,2024-04-28,East,Office Supplies,108.16,20.0,2024-04
922,2024-04-28,West,Technology,409.32,18.15,2024-04
923,2024-04-29,West,Office Supplies,109.51,21.46,2024-04
924,2024-04-29,South,Office Supplies,41.8,7.76,2024-04
925,2024-04-29,West,Technology,266.82,39.97,2024-04
926,2024-04-29,East,Furniture,236.63,60.44,2024-04
927,2024-04-29,East,Furniture,290.23,49.7,2024-04
928,2024-04-29,West,Technology,213.91,37.85,2024-04
929,2024-04-29,South,Office Supplies,79.17,18.14,2024-04
930,2024-04-29,East,Furniture,241.44,30.08,2024-04
931,2024-04-29,Central,Office Supplies,113.28,25.7,2024-04
932,2024-04-29,West,Office Supplies,157.52,26.34,2024-04
933,2024-04-29,South,Furniture,309.25,58.49,2024-04
934,2024-04-29,South,Office Supplies,46.85,7.56,2024-04
935,2024-04-29,South,Furniture,105.9,22.26,2024-04
936,2024-04-30,East,Office Supplies,48.4,8.89,2024-04
937,2024-04-30,West,Furniture,236.03,47.56,2024-04
938,2024-04-30,Central,Technology,355.14,64.36,2024-04
939,2024-04-30,West,Office Supplies,165.86,37.35,2024-04
940,2024-04-30,South,Furniture,423.98,124.66,2024-04
941,2024-05-01,Central,Furniture,113.23,13.7,2024-05
942,2024-05-01,West,Technology,603.46,106.26,2024-05
943,2024-05-01,Central,Furniture,198.38,42.64,2024-05
944,2024-05-01,East,Office Supplies,126.9,36.78,2024-05
945,2024-05-01,West,Technology,550.55,104.9,2024-05
946,2024-05-01,East,Office Supplies,129.82,30.09,2024-05
947,2024-05-01,Central,Office Supplies,116.15,15.75,2024-05
948,2024-05-01,West,Technology,506.33,83.75,2024-05
949,2024-05-01,South,Office Supplies,132.22,10.61,2024-05
950,2024-05-01,Central,Furniture,238.44,36.67,2024-05
951,2024-05-01,West,Furniture,73.09,12.79,2024-05
952,2024-05-01,East,Furniture,244.04,48.37,2024-05
953,2024-05-02,Central,Office Supplies,141.36,22.4,2024-05
954,2024-05-02,East,Technology,192.23,32.6,2024-05
955,2024-05-02,East,Technology,568.93,58.96,2024-05
956,2024-05-02,West,Furniture,163.84,23.0,2024-05
957,2024-05-02,East,Office Supplies,79.09,17.02,2024-05
958,2024-05-02,West,Office Supplies,93.54,20.26,2024-05
959,2024-05-02,East,Furniture,253.88,23.54,2024-05
960,2024-05-02,Central,Technology,342.7,78.92,2024-05
961,2024-05-02,Central,Furniture,263.52,43.0,2024-05
962,2024-05-03,South,Furniture,398.7,63.76,2024-05
963,2024-05-03,Central,Technology,495.39,60.59,2024-05
964,2024-05-03,Central,Technology,466.23,68.87,2024-05
965,2024-05-03,Central,Furniture,69.45,11.4,2024-05
966,2024-05-03,Central,Technology,672.77,155.58,2024-05
967,2024-05-04,West,Furniture,228.21,21.99,2024-05
968,2024-05-04,East,Technology,456.59,98.53,2024-05
969,2024-05-04,East,Technology,482.8,103.32,2024-05
970,2024-05-04,East,Office Supplies,131.62,31.56,2024-05
971,2024-05-04,Central,Office Supplies,97.92,17.78,2024-05
972,2024-05-05,Central,Furniture,256.89,59.78,2024-05
973,2024-05-05,West,Furniture,327.77,64.92,2024-05
974,2024-05-05,South,Office Supplies,102.94,15.35,2024-05
975,2024-05-05,West,Technology,557.11,110.58,2024-05
976,2024-05-05,Central,Furniture,171.01,38.88,2024-05
977,2024-05-05,Central,Furniture,278.08,47.77,2024-05
978,2024-05-06,East,Office Supplies,97.26,17.16,2024-05
979,2024-05-06,West,Technology,347.79,94.74,2024-05
980,2024-05-06,East,Office Supplies,152.62,27.04,2024-05
981,2024-05-06,Central,Furniture,184.63,33.64,2024-05
982,2024-05-06,South,Office Supplies,27.97,4.57,2024-05
983,2024-05-06,Central,Office Supplies,78.37,17.71,2024-05
984,2024-05-06,West,Furniture,221.83,41.14,2024-05
985,2024-05-06,Central,Technology,382.34,87.31,2024-05
986,2024-05-06,West,Furniture,337.13,69.61,2024-05
987,2024-05-07,South,Technology,370.25,88.47,2024-05
988,2024-05-07,West,Office Supplies,128.42,21.07,2024-05
989,2024-05-07,Central,Furniture,206.97,32.23,2024-05
990,2024-05-07,East,Office Supplies,124.02,18.64,2024-05
991,2024-05-07,South,Furniture,345.78,32.7,2024-05
992,2024-05-07,West,Furniture,315.37,78.82,2024-05
993,2024-05-07,Central,Office Supplies,75.59,15.99,2024-05
994,2024-05-08,South,Office Supplies,174.39,36.14,2024-05
995,2024-05-08,Central,Technology,335.44,73.07,2024-05
996,2024-05-08,Central,Furniture,145.48,28.27,2024-05
997,2024-05-08,Central,Furniture,247.03,24.77,2024-05
998,2024-05-08,South,Furniture,286.81,43.34,2024-05
999,2024-05-08,West,Technology,455.36,60.16,2024-05
1000,2024-05-08,East,Furniture,324.96,85.75,2024-05
1001,2024-05-08,Central,Furniture,60.15,7.24,2024-05
1002,2024-05-09,Central,Technology,492.09,86.86,2024-05
1003,2024-05-09,Central,Furniture,198.45,26.44,2024-05
1004,2024-05-09,East,Furniture,234.43,31.5,2024-05
1005,2024-05-09,Central,Furniture,280.48,37.9,2024-05
1006,2024-05-09,East,Furniture,207.33,48.46,2024-05
1007,2024-05-09,Central,Office Supplies,169.57,40.22,2024-05
1008,2024-05-09,Central,Furniture,245.35,37.4,2024-05
1009,2024-05-09,South,Office Supplies,141.03,19.19,2024-05
1010,2024-05-09,Central,Technology,503.94,74.64,2024-05
1011,2024-05-10,South,Office Supplies,115.78,20.51,2024-05
1012,2024-05-10,West,Technology,595.05,132.08,2024-05
1013,2024-05-10,West,Office Supplies,116.67,19.25,2024-05
1014,2024-05-10,Central,Furniture,202.96,43.18,2024-05
1015,2024-05-10,Central,Office Supplies,82.35,15.73,2024-05
1016,2024-05-10,East,Technology,510.86,77.38,2024-05
1017,2024-05-10,South,Furniture,324.59,38.48,2024-05
1018,2024-05-10,South,Technology,603.3,109.02,2024-05
1019,2024-05-10,East,Technology,316.5,52.24,2024-05
1020,2024-05-10,West,Technology,295.09,49.85,2024-05
1021,2024-05-10,West,Technology,235.23,63.75,2024-05
1022,2024-05-11,East,Office Supplies,119.75,26.25,2024-05
1023,2024-05-11,South,Office Supplies,162.9,36.81,2024-05
1024,2024-05-11,East,Office Supplies,94.23,17.89,2024-05
1025,2024-05-11,West,Office Supplies,119.66,22.48,2024-05
1026,2024-05-11,South,Office Supplies,137.71,33.81,2024-05
1027,2024-05-12,South,Furniture,310.06,42.8,2024-05
1028,2024-05-12,West,Office Supplies,180.56,27.88,2024-05
1029,2024-05-12,East,Furniture,254.89,41.93,2024-05
1030,2024-05-12,West,Office Supplies,119.3,20.84,2024-05
1031,2024-05-12,Central,Office Supplies,82.73,18.08,2024-05
1032,2024-05-12,South,Office Supplies,91.98,13.19,2024-05
1033,2024-05-12,Central,Technology,183.71,28.11,2024-05
1034,2024-05-13,Central,Office Supplies,61.51,10.96,2024-05
1035,2024-05-13,West,Furniture,228.25,48.24,2024-05
1036,2024-05-13,South,Office Supplies,149.54,43.03,2024-05
1037,2024-05-13,East,Office Supplies,130.34,18.23,2024-05
1038,2024-05-13,West,Technology,320.82,50.19,2024-05
1039,2024-05-13,West,Technology,310.17,81.66,2024-05
1040,2024-05-13,West,Furniture,307.08,30.23,2024-05
1041,2024-05-13,East,Technology,467.24,59.45,2024-05
1042,2024-05-13,East,Office Supplies,149.1,35.08,2024-05
1043,2024-05-13,Central,Technology,367.62,55.58,2024-05
1044,2024-05-13,East,Technology,605.94,87.88,2024-05
1045,2024-05-13,Central,Furniture,180.34,23.89,2024-05
1046,2024-05-13,West,Furniture,242.76,46.65,2024-05
1047,2024-05-14,East,Technology,332.24,61.86,2024-05
1048,2024-05-14,Central,Furniture,362.47,53.91,2024-05
1049,2024-05-14,South,Office Supplies,114.83,24.05,2024-05
1050,2024-05-14,Central,Office Supplies,140.58,29.15,2024-05
1051,2024-05-15,West,Office Supplies,150.36,27.91,2024-05
1052,2024-05-15,Central,Technology,403.67,66.53,2024-05
1053,2024-05-15,West,Office Supplies,128.85,20.05,2024-05
1054,2024-05-15,West,Technology,233.55,41.46,2024-05
1055,2024-05-15,Central,Furniture,275.46,62.77,2024-05
1056,2024-05-15,East,Technology,289.28,52.56,2024-05
1057,2024-05-16,West,Technology,366.97,58.59,2024-05
1058,2024-05-16,South,Furniture,203.21,39.57,2024-05
1059,2024-05-16,Central,Office Supplies,92.05,19.89,2024-05
1060,2024-05-16,Central,Furniture,308.8,61.52,2024-05
1061,2024-05-16,East,Technology,260.78,50.19,2024-05
1062,2024-05-16,West,Furniture,340.07,74.76,2024-05
1063,2024-05-16,East,Office Supplies,147.11,26.62,2024-05
1064,2024-05-16,West,Office Supplies,118.98,28.57,2024-05
1065,2024-05-16,West,Office Supplies,131.72,25.63,2024-05
1066,2024-05-16,West,Furniture,491.08,80.89,2024-05
1067,2024-05-16,East,Technology,107.36,18.41,2024-05
1068,2024-05-17,East,Furniture,438.09,119.02,2024-05
1069,2024-05-17,West,Office Supplies,115.83,23.03,2024-05
1070,2024-05-17,West,Furniture,388.47,64.92,2024-05
1071,2024-05-17,East,Office Supplies,117.61,19.19,2024-05
1072,2024-05-17,Central,Furniture,128.47,25.05,2024-05
1073,2024-05-17,Central,Furniture,218.93,43.95,2024-05
1074,2024-05-18,East,Technology,391.23,75.14,2024-05
1075,2024-05-18,South,Office Supplies,158.79,20.24,2024-05
1076,2024-05-18,Central,Technology,521.63,62.95,2024-05
1077,2024-05-18,East,Furniture,301.44,63.6,2024-05
1078,2024-05-18,West,Furniture,209.01,29.69,2024-05
1079,2024-05-18,West,Technology,287.11,52.77,2024-05
1080,2024-05-18,East,Furniture,309.99,53.6,2024-05
1081,2024-05-18,Central,Technology,95.05,14.59,2024-05
1082,2024-05-19,East,Furniture,190.75,38.3,2024-05
1083,2024-05-19,South,Furniture,158.43,21.95,2024-05
1084,2024-05-19,West,Furniture,24.82,4.09,2024-05
1085,2024-05-19,South,Furniture,203.25,38.12,2024-05
1086,2024-05-19,South,Office Supplies,228.96,54.24,2024-05
1087,2024-05-19,East,Furniture,326.01,31.24,2024-05
1088,2024-05-19,East,Furniture,301.11,63.44,2024-05
1089,2024-05-19,West,Furniture,288.95,40.47,2024-05
1090,2024-05-19,Central,Technology,424.01,84.61,2024-05
1091,2024-05-19,East,Furniture,212.84,43.63,2024-05
1092,2024-05-20,West,Office Supplies,119.79,17.62,2024-05
1093,2024-05-20,East,Office Supplies,170.78,25.09,2024-05
1094,2024-05-20,South,Furniture,129.55,13.92,2024-05
1095,2024-05-20,East,Technology,273.79,57.54,2024-05
1096,2024-05-20,West,Furniture,171.59,33.49,2024-05
1097,2024-05-20,South,Technology,586.49,50.99,2024-05
1098,2024-05-20,South,Office Supplies,102.3,12.63,2024-05
1099,2024-05-21,West,Furniture,345.95,24.37,2024-05
1100,2024-05-21,Central,Office Supplies,100.69,20.86,2024-05
1101,2024-05-21,East,Technology,400.44,96.71,2024-05
1102,2024-05-21,South,Furniture,335.98,36.96,2024-05
1103,2024-05-21,West,Technology,411.6,59.1,2024-05
1104,2024-05-21,Central,Office Supplies,88.93,10.07,2024-05
1105,2024-05-21,South,Furniture,271.02,65.76,2024-05
1106,2024-05-21,Central,Office Supplies,133.73,14.78,2024-05
1107,2024-05-21,South,Office Supplies,117.84,24.17,2024-05
1108,2024-05-21,East,Office Supplies,114.82,22.44,2024-05
1109,2024-05-21,South,Technology,308.2,51.84,2024-05
1110,2024-05-21,Central,Furniture,224.24,56.65,2024-05
1111,2024-05-21,West,Technology,258.82,19.59,2024-05
1112,2024-05-21,West,Office Supplies,177.9,33.05,2024-05
1113,2024-05-22,Central,Office Supplies,31.83,6.82,2024-05
1114,2024-05-22,East,Furniture,239.95,49.99,2024-05
1115,2024-05-22,West,Furniture,312.25,104.8,2024-05
1116,2024-05-22,East,Office Supplies,102.2,16.08,2024-05
1117,2024-05-22,West,Furniture,314.12,36.53,2024-05
1118,2024-05-22,Central,Technology,297.21,51.39,2024-05
1119,2024-05-22,West,Technology,623.77,135.16,2024-05
1120,2024-05-22,East,Office Supplies,123.22,19.03,2024-05
1121,2024-05-22,South,Technology,105.34,29.72,2024-05
1122,2024-05-23,East,Office Supplies,140.62,32.26,2024-05
1123,2024-05-23,West,Technology,432.55,97.36,2024-05
1124,2024-05-23,West,Furniture,227.5,22.6,2024-05
1125,2024-05-23,Central,Office Supplies,83.3,19.0,2024-05
1126,2024-05-23,Central,Furniture,381.95,58.81,2024-05
1127,2024-05-23,Central,Technology,397.94,35.79,2024-05
1128,2024-05-23,West,Office Supplies,138.03,30.58,2024-05
1129,2024-05-23,South,Furniture,221.5,48.07,2024-05
1130,2024-05-24,West,Office Supplies,126.0,24.11,2024-05
1131,2024-05-24,West,Technology,303.0,53.71,2024-05
1132,2024-05-24,West,Office Supplies,87.56,19.65,2024-05
1133,2024-05-24,Central,Office Supplies,184.84,34.06,2024-05
1134,2024-05-24,Central,Office Supplies,47.19,9.02,2024-05
1135,2024-05-24,East,Office Supplies,123.63,19.63,2024-05
1136,2024-05-24,West,Technology,297.04,53.07,2024-05
1137,2024-05-25,West,Furniture,277.4,51.73,2024-05
1138,2024-05-25,West,Technology,408.06,59.74,2024-05
1139,2024-05-25,East,Technology,498.86,119.5,2024-05
1140,2024-05-25,South,Office Supplies,121.36,26.73,2024-05
1141,2024-05-25,East,Office Supplies,130.36,16.98,2024-05
1142,2024-05-25,West,Office Supplies,147.09,26.39,2024-05
1143,2024-05-25,West,Office Supplies,151.46,39.0,2024-05
1144,2024-05-25,West,Office Supplies,106.34,14.16,2024-05
1145,2024-05-25,East,Furniture,193.1,40.65,2024-05
1146,2024-05-26,South,Technology,352.81,65.94,2024-05
1147,2024-05-26,Central,Technology,405.69,102.08,2024-05
1148,2024-05-26,East,Technology,337.75,51.37,2024-05
1149,2024-05-27,South,Office Supplies,128.05,30.72,2024-05
1150,2024-05-27,South,Technology,511.73,62.0,2024-05
1151,2024-05-27,South,Office Supplies,68.67,13.8,2024-05
1152,2024-05-27,South,Technology,394.51,36.4,2024-05
1153,2024-05-27,East,Office Supplies,70.96,12.8,2024-05
1154,2024-05-28,Central,Office Supplies,78.33,11.93,2024-05
1155,2024-05-28,Central,Furniture,369.76,48.09,2024-05
1156,2024-05-28,Central,Office Supplies,185.26,14.87,2024-05
1157,2024-05-28,East,Furniture,290.25,55.53,2024-05
1158,2024-05-28,West,Office Supplies,161.65,30.55,2024-05
1159,2024-05-29,Central,Office Supplies,82.61,8.58,2024-05
1160,2024-05-29,South,Office Supplies,95.39,15.51,2024-05
1161,2024-05-29,West,Technology,540.02,163.01,2024-05
1162,2024-05-29,Central,Office Supplies,124.42,31.03,2024-05
1163,2024-05-29,East,Furniture,313.38,57.37,2024-05
1164,2024-05-29,West,Technology,291.6,64.31,2024-05
1165,2024-05-29,East,Furniture,176.12,37.36,2024-05
1166,2024-05-30,South,Office Supplies,195.92,40.22,2024-05
1167,2024-05-30,West,Furniture,276.94,78.49,2024-05
1168,2024-05-30,Central,Furniture,265.74,58.97,2024-05
1169,2024-05-30,East,Office Supplies,151.54,32.24,2024-05
1170,2024-05-30,West,Technology,316.02,32.25,2024-05
1171,2024-05-30,South,Technology,514.71,103.56,2024-05
1172,2024-05-30,East,Technology,264.79,40.53,2024-05
1173,2024-05-30,East,Office Supplies,85.66,10.56,2024-05
1174,2024-05-31,East,Furniture,197.06,42.7,2024-05
1175,2024-05-31,East,Furniture,281.59,64.32,2024-05
1176,2024-05-31,West,Office Supplies,208.81,41.5,2024-05
1177,2024-05-31,East,Technology,555.84,69.67,2024-05
1178,2024-05-31,East,Office Supplies,145.61,11.07,2024-05
1179,2024-05-31,East,Technology,494.81,62.36,2024-05
1180,2024-05-31,South,Office Supplies,154.55,37.28,2024-05
1181,2024-05-31,West,Technology,483.77,45.36,2024-05
1182,2024-05-31,Central,Office Supplies,103.83,8.99,2024-05
1183,2024-05-31,South,Technology,681.92,141.92,2024-05
1184,2024-06-01,East,Furniture,226.16,54.66,2024-06
1185,2024-06-01,Central,Furniture,192.54,32.15,2024-06
1186,2024-06-01,South,Technology,188.59,31.87,2024-06
1187,2024-06-01,South,Furniture,269.54,32.37,2024-06
1188,2024-06-01,South,Furniture,344.87,65.7,2024-06
1189,2024-06-01,West,Technology,327.51,62.52,2024-06
1190,2024-06-01,South,Office Supplies,139.97,12.97,2024-06
1191,2024-06-01,West,Furniture,272.41,65.29,2024-06
1192,2024-06-02,South,Furniture,157.79,31.78,2024-06
1193,2024-06-02,West,Furniture,221.17,58.33,2024-06
1194,2024-06-02,South,Furniture,225.95,15.8,2024-06
1195,2024-06-02,West,Furniture,303.7,60.37,2024-06
1196,2024-06-02,South,Technology,423.46,100.83,2024-06
1197,2024-06-02,South,Furniture,107.2,14.45,2024-06
1198,2024-06-02,West,Furniture,245.95,45.67,2024-06
1199,2024-06-02,East,Office Supplies,112.01,11.78,2024-06
1200,2024-06-02,West,Technology,331.56,86.02,2024-06
1201,2024-06-03,Central,Office Supplies,104.81,16.22,2024-06
1202,2024-06-03,South,Technology,378.01,103.07,2024-06
1203,2024-06-03,West,Technology,326.59,67.58,2024-06
1204,2024-06-03,East,Office Supplies,148.84,25.67,2024-06
1205,2024-06-04,South,Technology,350.28,40.29,2024-06
1206,2024-06-04,West,Office Supplies,165.87,17.61,2024-06
1207,2024-06-04,West,Technology,311.93,59.22,2024-06
1208,2024-06-04,South,Technology,408.72,56.97,2024-06
1209,2024-06-04,West,Office Supplies,132.83,15.58,2024-06
1210,2024-06-04,South,Office Supplies,128.74,18.52,2024-06
1211,2024-06-04,West,Technology,213.22,35.35,2024-06
1212,2024-06-05,West,Furniture,10.0,2.19,2024-06
1213,2024-06-05,South,Technology,376.1,22.45,2024-06
1214,2024-06-05,South,Technology,196.06,31.16,2024-06
1215,2024-06-05,East,Furniture,135.01,29.66,2024-06
1216,2024-06-05,East,Furniture,286.63,56.75,2024-06
1217,2024-06-05,West,Office Supplies,90.7,12.0,2024-06
1218,2024-06-05,East,Office Supplies,129.04,28.17,2024-06
1219,2024-06-05,West,Technology,679.89,161.13,2024-06
1220,2024-06-05,East,Office Supplies,176.2,40.59,2024-06
1221,2024-06-06,Central,Office Supplies,160.2,24.17,2024-06
1222,2024-06-06,South,Office Supplies,123.61,18.62,2024-06
1223,2024-06-06,Central,Furniture,286.14,47.31,2024-06
1224,2024-06-06,East,Technology,33.32,3.85,2024-06
1225,2024-06-06,East,Technology,486.76,35.76,2024-06
1226,2024-06-06,Central,Office Supplies,121.73,25.55,2024-06
1227,2024-06-06,West,Technology,207.66,47.42,2024-06
1228,2024-06-07,West,Office Supplies,186.41,29.76,2024-06
1229,2024-06-07,South,Technology,502.95,92.09,2024-06
1230,2024-06-07,South,Technology,311.76,28.71,2024-06
1231,2024-06-07,West,Furniture,181.15,25.5,2024-06
1232,2024-06-07,East,Technology,651.9,145.34,2024-06
1233,2024-06-07,South,Furniture,213.23,39.56,2024-06
1234,2024-06-07,East,Technology,304.06,73.34,2024-06
1235,2024-06-08,East,Furniture,315.92,47.16,2024-06
1236,2024-06-08,West,Furniture,347.88,62.85,2024-06
1237,2024-06-09,South,Office Supplies,138.5,18.57,2024-06
1238,2024-06-09,West,Office Supplies,63.9,18.32,2024-06
1239,2024-06-09,South,Furniture,398.6,25.62,2024-06
1240,2024-06-09,Central,Technology,629.66,76.14,2024-06
1241,2024-06-09,East,Technology,603.18,86.27,2024-06
1242,2024-06-09,East,Furniture,342.29,61.0,2024-06
1243,2024-06-09,West,Technology,142.48,3.42,2024-06
1244,2024-06-09,East,Technology,455.75,76.29,2024-06
1245,2024-06-09,South,Technology,682.53,130.72,2024-06
1246,2024-06-09,Central,Furniture,212.49,39.24,2024-06
1247,2024-06-10,West,Furniture,416.27,96.22,2024-06
1248,2024-06-10,Central,Office Supplies,169.04,24.31,2024-06
1249,2024-06-10,West,Office Supplies,169.82,43.65,2024-06
1250,2024-06-10,West,Furniture,184.04,36.65,2024-06
1251,2024-06-10,West,Office Supplies,137.2,22.8,2024-06
1252,2024-06-10,East,Furniture,259.92,52.75,2024-06
1253,2024-06-11,South,Office Supplies,137.59,26.28,2024-06
1254,2024-06-11,West,Furniture,328.63,59.77,2024-06
1255,2024-06-11,South,Furniture,307.71,82.57,2024-06
1256,2024-06-12,West,Technology,355.15,32.33,2024-06
1257,2024-06-12,Central,Furniture,400.14,70.07,2024-06
1258,2024-06-12,South,Office Supplies,85.94,17.05,2024-06
1259,2024-06-12,South,Furniture,185.21,41.35,2024-06
1260,2024-06-12,South,Office Supplies,87.13,18.76,2024-06
1261,2024-06-12,West,Office Supplies,105.73,20.26,2024-06
1262,2024-06-12,South,Technology,510.1,77.55,2024-06
1263,2024-06-13,South,Office Supplies,83.21,11.63,2024-06
1264,2024-06-13,West,Technology,592.99,86.83,2024-06
1265,2024-06-13,East,Office Supplies,120.31,12.76,2024-06
1266,2024-06-13,East,Office Supplies,149.14,32.19,2024-06
1267,2024-06-13,East,Technology,157.76,38.92,2024-06
1268,2024-06-13,West,Office Supplies,93.07,29.9,2024-06
1269,2024-06-13,West,Furniture,265.72,65.7,2024-06
1270,2024-06-13,East,Technology,266.83,43.47,2024-06
1271,2024-06-13,West,Furniture,200.63,21.13,2024-06
1272,2024-06-14,Central,Office Supplies,103.2,14.73,2024-06
1273,2024-06-14,South,Technology,385.3,81.16,2024-06
1274,2024-06-14,East,Office Supplies,122.45,18.34,2024-06
1275,2024-06-14,West,Office Supplies,160.9,31.37,2024-06
1276,2024-06-14,Central,Office Supplies,123.65,15.85,2024-06
1277,2024-06-14,West,Furniture,324.96,64.96,2024-06
1278,2024-06-14,East,Technology,463.07,77.29,2024-06
1279,2024-06-15,West,Furniture,299.66,38.45,2024-06
1280,2024-06-15,East,Technology,355.19,21.22,2024-06
1281,2024-06-15,West,Furniture,258.9,50.92,2024-06
1282,2024-06-15,East,Office Supplies,104.08,22.46,2024-06
1283,2024-06-16,Central,Furniture,520.37,100.96,2024-06
1284,2024-06-16,West,Technology,468.63,102.04,2024-06
1285,2024-06-16,East,Furniture,141.08,25.21,2024-06
1286,2024-06-16,South,Furniture,51.42,8.72,2024-06
1287,2024-06-16,Central,Furniture,105.07,16.22,2024-06
1288,2024-06-17,South,Office Supplies,78.78,8.65,2024-06
1289,2024-06-17,East,Technology,415.01,68.09,2024-06
1290,2024-06-17,West,Technology,428.71,42.37,2024-06
1291,2024-06-17,West,Office Supplies,149.3,20.63,2024-06
1292,2024-06-17,East,Office Supplies,138.99,22.54,2024-06
1293,2024-06-17,South,Office Supplies,68.23,9.95,2024-06
1294,2024-06-18,West,Office Supplies,197.74,33.01,2024-06
1295,2024-06-18,South,Furniture,249.58,37.51,2024-06
1296,2024-06-18,West,Furniture,283.15,60.81,2024-06
1297,2024-06-18,West,Office Supplies,117.16,28.07,2024-06
1298,2024-06-18,West,Office Supplies,65.78,12.92,2024-06
1299,2024-06-18,South,Office Supplies,87.2,16.83,2024-06
1300,2024-06-18,Central,Furniture,254.66,35.39,2024-06
1301,2024-06-18,West,Office Supplies,114.05,15.72,2024-06
1302,2024-06-19,Central,Furniture,264.05,65.51,2024-06
1303,2024-06-19,West,Furniture,153.47,33.92,2024-06
1304,2024-06-19,East,Office Supplies,40.0,10.09,2024-06
1305,2024-06-19,West,Furniture,281.36,33.81,2024-06
1306,2024-06-19,West,Office Supplies,150.28,22.95,2024-06
1307,2024-06-19,West,Office Supplies,81.3,12.34,2024-06
1308,2024-06-19,East,Office Supplies,145.72,19.1,2024-06
1309,2024-06-19,West,Office Supplies,26.61,4.1,2024-06
1310,2024-06-20,East,Technology,308.0,44.7,2024-06
1311,2024-06-20,West,Furniture,194.39,37.02,2024-06
1312,2024-06-20,East,Office Supplies,173.38,22.71,2024-06
1313,2024-06-20,Central,Furniture,178.48,34.99,2024-06
1314,2024-06-20,West,Office Supplies,148.24,15.56,2024-06
1315,2024-06-20,South,Technology,192.97,50.87,2024-06
1316,2024-06-20,East,Furniture,51.72,8.4,2024-06
1317,2024-06-21,South,Office Supplies,117.05,6.31,2024-06
1318,2024-06-21,Central,Furniture,236.7,55.15,2024-06
1319,2024-06-21,West,Furniture,234.59,8.22,2024-06
1320,2024-06-21,West,Office Supplies,141.24,24.81,2024-06
1321,2024-06-21,Central,Technology,367.11,49.68,2024-06
1322,2024-06-21,West,Office Supplies,147.13,18.4,2024-06
1323,2024-06-21,West,Technology,490.18,90.24,2024-06
1324,2024-06-21,West,Furniture,308.83,58.16,2024-06
1325,2024-06-21,South,Technology,565.34,113.16,2024-06
1326,2024-06-22,Central,Office Supplies,177.01,47.72,2024-06
1327,2024-06-22,West,Office Supplies,105.31,17.89,2024-06
1328,2024-06-22,East,Furniture,358.49,64.54,2024-06
1329,2024-06-22,Central,Technology,246.19,23.18,2024-06
1330,2024-06-22,West,Furniture,261.75,38.63,2024-06
1331,2024-06-22,South,Furniture,311.52,47.85,2024-06
1332,2024-06-23,Central,Office Supplies,115.44,18.6,2024-06
1333,2024-06-23,West,Furniture,275.63,33.05,2024-06
1334,2024-06-23,Central,Technology,541.88,130.39,2024-06
1335,2024-06-23,West,Furniture,258.25,33.1,2024-06
1336,2024-06-23,Central,Office Supplies,126.95,33.93,2024-06
1337,2024-06-23,East,Furniture,293.63,63.92,2024-06
1338,2024-06-23,South,Furniture,332.14,39.47,2024-06
1339,2024-06-23,East,Office Supplies,108.03,22.9,2024-06
1340,2024-06-23,Central,Furniture,118.89,28.2,2024-06
1341,2024-06-23,East,Furniture,124.41,18.79,2024-06
1342,2024-06-23,West,Furniture,346.21,59.05,2024-06
1343,2024-06-23,Central,Furniture,262.07,72.81,2024-06
1344,2024-06-23,Central,Technology,526.71,91.27,2024-06
1345,2024-06-24,East,Office Supplies,90.49,7.67,2024-06
1346,2024-06-24,West,Furniture,263.23,73.22,2024-06
1347,2024-06-24,East,Furniture,187.48,35.18,2024-06
1348,2024-06-24,East,Furniture,301.51,65.25,2024-06
1349,2024-06-24,Central,Office Supplies,108.29,30.61,2024-06
1350,2024-06-24,Central,Furniture,363.38,75.7,2024-06
1351,2024-06-24,West,Office Supplies,156.2,17.62,2024-06
1352,2024-06-24,Central,Technology,565.75,82.26,2024-06
1353,2024-06-24,Central,Technology,647.25,206.67,2024-06
1354,2024-06-25,East,Technology,283.0,66.47,2024-06
1355,2024-06-25,West,Technology,480.7,50.27,2024-06
1356,2024-06-25,South,Office Supplies,191.71,27.12,2024-06
1357,2024-06-25,West,Furniture,133.05,32.84,2024-06
1358,2024-06-25,East,Furniture,385.51,75.56,2024-06
1359,2024-06-25,West,Technology,386.68,63.16,2024-06
1360,2024-06-25,East,Office Supplies,131.1,23.33,2024-06
1361,2024-06-25,Central,Technology,377.22,51.47,2024-06
1362,2024-06-26,South,Furniture,311.8,59.68,2024-06
1363,2024-06-26,East,Office Supplies,127.56,18.3,2024-06
1364,2024-06-26,East,Office Supplies,105.52,9.12,2024-06
1365,2024-06-26,Central,Furniture,173.98,40.57,2024-06
1366,2024-06-27,South,Technology,464.72,55.01,2024-06
1367,2024-06-27,East,Office Supplies,159.91,38.95,2024-06
1368,2024-06-27,Central,Furniture,177.96,29.78,2024-06
1369,2024-06-27,Central,Office Supplies,77.84,17.26,2024-06
1370,2024-06-27,West,Furniture,252.49,45.72,2024-06
1371,2024-06-27,West,Office Supplies,30.16,5.21,2024-06
1372,2024-06-27,South,Furniture,366.17,106.36,2024-06
1373,2024-06-28,South,Furniture,182.36,24.89,2024-06
1374,2024-06-28,East,Furniture,313.4,63.44,2024-06
1375,2024-06-28,West,Furniture,236.13,31.66,2024-06
1376,2024-06-28,East,Office Supplies,126.02,28.18,2024-06
1377,2024-06-29,East,Office Supplies,134.17,22.38,2024-06
1378,2024-06-29,East,Office Supplies,186.84,41.82,2024-06
1379,2024-06-29,West,Technology,157.91,43.84,2024-06
1380,2024-06-29,East,Office Supplies,137.51,32.78,2024-06
1381,2024-06-29,South,Office Supplies,165.49,20.88,2024-06
1382,2024-06-29,Central,Furniture,12.65,2.18,2024-06
1383,2024-06-29,West,Furniture,223.85,36.28,2024-06
1384,2024-06-29,East,Furniture,201.68,25.24,2024-06
1385,2024-06-29,West,Furniture,450.54,123.17,2024-06
1386,2024-06-30,West,Technology,333.28,38.25,2024-06
1387,2024-06-30,West,Office Supplies,120.51,14.48,2024-06
1388,2024-06-30,South,Office Supplies,170.37,30.39,2024-06
1389,2024-06-30,Central,Office Supplies,141.87,23.21,2024-06
1390,2024-06-30,Central,Furniture,322.57,47.87,2024-06
1391,2024-07-01,West,Furniture,183.85,36.41,2024-07
1392,2024-07-01,East,Office Supplies,175.97,39.85,2024-07
1393,2024-07-01,East,Furniture,197.07,40.38,2024-07
1394,2024-07-01,South,Technology,162.8,37.5,2024-07
1395,2024-07-01,West,Furniture,480.81,93.8,2024-07
1396,2024-07-01,West,Office Supplies,178.37,20.11,2024-07
1397,2024-07-01,South,Furniture,162.2,26.51,2024-07
1398,2024-07-02,South,Office Supplies,160.62,32.88,2024-07
1399,2024-07-02,East,Furniture,218.29,47.39,2024-07
1400,2024-07-02,East,Office Supplies,103.06,18.99,2024-07
1401,2024-07-02,West,Furniture,329.64,56.31,2024-07
1402,2024-07-02,South,Office Supplies,69.21,12.65,2024-07
1403,2024-07-02,South,Technology,528.78,122.12,2024-07
1404,2024-07-02,East,Furniture,158.98,34.17,2024-07
1405,2024-07-03,West,Furniture,327.08,57.3,2024-07
1406,2024-07-03,East,Office Supplies,94.11,18.28,2024-07
1407,2024-07-03,South,Office Supplies,174.67,25.4,2024-07
1408,2024-07-03,West,Office Supplies,207.1,29.14,2024-07
1409,2024-07-03,East,Office Supplies,113.61,29.23,2024-07
1410,2024-07-03,Central,Office Supplies,119.78,27.4,2024-07
1411,2024-07-03,South,Technology,200.34,31.33,2024-07
1412,2024-07-03,West,Technology,419.44,43.05,2024-07
1413,2024-07-03,South,Office Supplies,66.13,14.27,2024-07
1414,2024-07-03,East,Technology,360.81,56.09,2024-07
1415,2024-07-04,Central,Furniture,237.43,40.78,2024-07
1416,2024-07-04,South,Office Supplies,101.84,24.81,2024-07
1417,2024-07-04,West,Furniture,493.25,63.19,2024-07
1418,2024-07-04,Central,Furniture,68.25,11.48,2024-07
1419,2024-07-04,West,Office Supplies,36.76,3.86,2024-07
1420,2024-07-04,Central,Office Supplies,98.47,21.09,2024-07
1421,2024-07-04,Central,Office Supplies,109.65,7.12,2024-07
1422,2024-07-04,West,Furniture,227.34,38.79,2024-07
1423,2024-07-05,East,Office Supplies,172.8,34.01,2024-07
1424,2024-07-05,South,Office Supplies,66.79,13.49,2024-07
1425,2024-07-05,West,Office Supplies,119.91,30.98,2024-07
1426,2024-07-05,West,Technology,264.15,70.36,2024-07
1427,2024-07-05,West,Office Supplies,91.93,14.14,2024-07
1428,2024-07-05,West,Furniture,173.09,33.72,2024-07
1429,2024-07-05,Central,Furniture,314.54,45.52,2024-07
1430,2024-07-05,Central,Technology,607.52,77.99,2024-07
1431,2024-07-05,East,Office Supplies,121.88,25.19,2024-07
1432,2024-07-05,West,Furniture,334.53,82.92,2024-07
1433,2024-07-05,West,Technology,367.37,76.19,2024-07
1434,2024-07-05,West,Office Supplies,144.04,19.73,2024-07
1435,2024-07-06,Central,Office Supplies,141.73,21.97,2024-07
1436,2024-07-06,South,Office Supplies,160.18,17.65,2024-07
1437,2024-07-06,West,Furniture,211.53,31.78,2024-07
1438,2024-07-06,South,Office Supplies,157.91,25.84,2024-07
1439,2024-07-06,West,Furniture,204.52,24.08,2024-07
1440,2024-07-06,West,Office Supplies,145.92,13.99,2024-07
1441,2024-07-06,East,Furniture,307.51,53.21,2024-07
1442,2024-07-06,West,Office Supplies,96.31,15.55,2024-07
1443,2024-07-06,East,Furniture,221.42,36.06,2024-07
1444,2024-07-07,West,Office Supplies,109.75,21.37,2024-07
1445,2024-07-07,East,Technology,497.05,39.08,2024-07
1446,2024-07-07,West,Furniture,311.52,94.99,2024-07
1447,2024-07-07,East,Office Supplies,136.9,33.68,2024-07
1448,2024-07-07,East,Office Supplies,160.24,34.16,2024-07
1449,2024-07-07,Central,Furniture,337.26,80.64,2024-07
1450,2024-07-08,South,Technology,549.15,91.76,2024-07
1451,2024-07-08,West,Technology,577.6,118.16,2024-07
1452,2024-07-08,East,Furniture,142.97,35.92,2024-07
1453,2024-07-08,Central,Office Supplies,88.01,14.5,2024-07
1454,2024-07-08,East,Office Supplies,191.08,35.77,2024-07
1455,2024-07-09,Central,Technology,352.5,62.72,2024-07
1456,2024-07-09,East,Office Supplies,144.32,29.3,2024-07
1457,2024-07-09,Central,Office Supplies,91.2,20.16,2024-07
1458,2024-07-09,Central,Furniture,204.8,26.39,2024-07
1459,2024-07-09,West,Office Supplies,46.46,7.95,2024-07
1460,2024-07-09,East,Office Supplies,53.66,7.46,2024-07
1461,2024-07-09,South,Office Supplies,119.32,28.38,2024-07
1462,2024-07-10,South,Technology,632.76,106.27,2024-07
1463,2024-07-10,Central,Technology,598.58,97.61,2024-07
1464,2024-07-10,West,Technology,10.0,1.26,2024-07
1465,2024-07-10,Central,Technology,218.7,41.78,2024-07
1466,2024-07-10,West,Technology,502.03,105.24,2024-07
1467,2024-07-10,East,Office Supplies,163.79,33.27,2024-07
1468,2024-07-11,East,Furniture,224.81,43.22,2024-07
1469,2024-07-11,East,Office Supplies,186.96,34.62,2024-07
1470,2024-07-11,West,Technology,276.8,53.55,2024-07
1471,2024-07-11,East,Office Supplies,181.73,27.06,2024-07
1472,2024-07-11,Central,Office Supplies,98.82,14.78,2024-07
1473,2024-07-11,Central,Office Supplies,65.84,12.04,2024-07
1474,2024-07-12,South,Office Supplies,148.63,33.91,2024-07
1475,2024-07-12,Central,Office Supplies,152.23,27.39,2024-07
1476,2024-07-12,Central,Office Supplies,59.57,10.05,2024-07
1477,2024-07-12,East,Furniture,41.89,7.94,2024-07
1478,2024-07-12,West,Technology,308.37,23.91,2024-07
1479,2024-07-12,East,Furniture,282.68,71.45,2024-07
1480,2024-07-12,Central,Furniture,112.79,22.88,2024-07
1481,2024-07-12,East,Furniture,215.58,30.59,2024-07
1482,2024-07-12,East,Technology,293.55,47.06,2024-07
1483,2024-07-13,Central,Office Supplies,84.15,12.33,2024-07
1484,2024-07-13,Central,Office Supplies,143.22,19.07,2024-07
1485,2024-07-13,Central,Technology,436.02,70.97,2024-07
1486,2024-07-13,Central,Furniture,202.3,54.79,2024-07
1487,2024-07-13,South,Furniture,138.94,35.68,2024-07
1488,2024-07-13,South,Furniture,322.9,47.95,2024-07
1489,2024-07-13,South,Furniture,325.62,14.53,2024-07
1490,2024-07-14,West,Furniture,283.75,61.04,2024-07
1491,2024-07-14,East,Office Supplies,135.5,25.23,2024-07
1492,2024-07-14,East,Furniture,331.9,72.64,2024-07
1493,2024-07-15,West,Technology,402.26,75.29,2024-07
1494,2024-07-15,East,Furniture,96.4,14.0,2024-07
1495,2024-07-15,West,Technology,466.24,67.54,2024-07
1496,2024-07-15,East,Office Supplies,110.01,22.37,2024-07
1497,2024-07-15,East,Office Supplies,161.88,38.26,2024-07
1498,2024-07-16,East,Office Supplies,148.76,34.73,2024-07
1499,2024-07-16,Central,Technology,405.68,66.07,2024-07
1500,2024-07-16,Central,Office Supplies,85.12,13.61,2024-07
1501,2024-07-16,South,Office Supplies,129.38,29.65,2024-07
1502,2024-07-16,Central,Technology,251.04,66.04,2024-07
1503,2024-07-16,West,Technology,206.55,21.06,2024-07
1504,2024-07-16,East,Technology,435.6,63.12,2024-07
1505,2024-07-16,West,Office Supplies,100.26,19.02,2024-07
1506,2024-07-16,Central,Technology,346.6,68.97,2024-07
1507,2024-07-16,South,Office Supplies,118.32,27.43,2024-07
1508,2024-07-17,Central,Furniture,205.71,35.18,2024-07
1509,2024-07-17,West,Technology,362.96,71.97,2024-07
1510,2024-07-17,West,Office Supplies,134.54,27.53,2024-07
1511,2024-07-17,West,Office Supplies,154.43,26.29,2024-07
1512,2024-07-17,Central,Office Supplies,30.79,6.18,2024-07
1513,2024-07-17,West,Office Supplies,189.32,28.12,2024-07
1514,2024-07-17,South,Furniture,55.96,6.8,2024-07
1515,2024-07-17,Central,Furniture,326.31,64.02,2024-07
1516,2024-07-17,West,Technology,568.27,102.54,2024-07
1517,2024-07-17,East,Office Supplies,148.75,23.64,2024-07
1518,2024-07-18,South,Technology,714.92,96.24,2024-07
1519,2024-07-18,Central,Technology,170.37,26.0,2024-07
1520,2024-07-18,West,Office Supplies,32.9,3.02,2024-07
1521,2024-07-18,East,Office Supplies,93.96,14.16,2024-07
1522,2024-07-18,West,Furniture,90.72,21.72,2024-07
1523,2024-07-18,West,Office Supplies,100.3,16.03,2024-07
1524,2024-07-19,West,Technology,190.62,34.2,2024-07
1525,2024-07-19,East,Furniture,288.7,41.13,2024-07
1526,2024-07-19,West,Furniture,283.77,34.38,2024-07
1527,2024-07-19,West,Office Supplies,95.72,15.99,2024-07
1528,2024-07-19,East,Furniture,413.72,56.87,2024-07
1529,2024-07-19,West,Furniture,463.61,93.58,2024-07
1530,2024-07-19,South,Office Supplies,226.26,29.49,2024-07
1531,2024-07-19,South,Technology,243.14,34.59,2024-07
1532,2024-07-20,South,Technology,670.67,129.33,2024-07
1533,2024-07-20,South,Office Supplies,165.98,23.19,2024-07
1534,2024-07-20,East,Office Supplies,137.18,29.26,2024-07
1535,2024-07-20,West,Furniture,132.12,17.84,2024-07
1536,2024-07-20,East,Office Supplies,107.37,10.59,2024-07
1537,2024-07-20,West,Technology,297.95,50.81,2024-07
1538,2024-07-20,East,Office Supplies,58.0,15.68,2024-07
1539,2024-07-20,West,Furniture,338.45,120.64,2024-07
1540,2024-07-20,East,Furniture,141.11,28.57,2024-07
1541,2024-07-21,East,Office Supplies,159.77,29.2,2024-07
1542,2024-07-21,East,Technology,348.59,67.76,2024-07
1543,2024-07-21,West,Furniture,174.78,23.68,2024-07
1544,2024-07-21,Central,Office Supplies,91.17,21.71,2024-07
1545,2024-07-21,East,Technology,549.63,63.59,2024-07
1546,2024-07-21,Central,Office Supplies,193.54,34.53,2024-07
1547,2024-07-21,East,Office Supplies,138.16,19.91,2024-07
1548,2024-07-22,West,Technology,523.05,106.72,2024-07
1549,2024-07-22,West,Technology,339.85,39.06,2024-07
1550,2024-07-22,South,Furniture,363.75,82.94,2024-07
1551,2024-07-22,Central,Office Supplies,42.78,9.62,2024-07
1552,2024-07-22,East,Technology,348.51,74.97,2024-07
1553,2024-07-22,Central,Furniture,121.81,17.86,2024-07
1554,2024-07-22,West,Office Supplies,123.97,33.51,2024-07
1555,2024-07-23,South,Furniture,270.13,50.29,2024-07
1556,2024-07-23,Central,Office Supplies,99.85,17.82,2024-07
1557,2024-07-23,Central,Office Supplies,107.79,17.34,2024-07
1558,2024-07-23,East,Office Supplies,124.69,37.23,2024-07
1559,2024-07-23,South,Technology,299.49,79.5,2024-07
1560,2024-07-23,Central,Office Supplies,147.46,24.81,2024-07
1561,2024-07-24,East,Furniture,140.26,21.35,2024-07
1562,2024-07-24,Central,Office Supplies,119.06,21.09,2024-07
1563,2024-07-24,South,Office Supplies,159.73,37.33,2024-07
1564,2024-07-24,West,Furniture,317.29,48.75,2024-07
1565,2024-07-25,Central,Furniture,235.96,48.69,2024-07
1566,2024-07-25,South,Technology,482.99,121.21,2024-07
1567,2024-07-25,Central,Office Supplies,156.56,44.51,2024-07
1568,2024-07-25,South,Office Supplies,138.39,27.16,2024-07
1569,2024-07-26,Central,Technology,443.47,54.83,2024-07
1570,2024-07-26,Central,Furniture,130.64,20.04,2024-07
1571,2024-07-26,East,Office Supplies,187.42,45.21,2024-07
1572,2024-07-26,East,Technology,180.0,24.01,2024-07
1573,2024-07-26,West,Office Supplies,152.19,24.24,2024-07
1574,2024-07-26,Central,Technology,464.51,48.25,2024-07
1575,2024-07-26,West,Technology,401.7,70.44,2024-07
1576,2024-07-26,West,Furniture,334.68,66.92,2024-07
1577,2024-07-27,Central,Office Supplies,140.4,36.57,2024-07
1578,2024-07-27,East,Furniture,114.09,24.33,2024-07
1579,2024-07-27,East,Office Supplies,39.0,8.21,2024-07
1580,2024-07-27,Central,Office Supplies,169.41,23.96,2024-07
1581,2024-07-27,Central,Office Supplies,109.08,19.79,2024-07
1582,2024-07-27,Central,Office Supplies,56.5,11.68,2024-07
1583,2024-07-28,South,Technology,647.71,123.05,2024-07
1584,2024-07-28,West,Office Supplies,66.2,8.52,2024-07
1585,2024-07-28,Central,Office Supplies,50.19,10.59,2024-07
1586,2024-07-28,West,Furniture,139.92,31.34,2024-07
1587,2024-07-28,South,Office Supplies,127.36,10.62,2024-07
1588,2024-07-28,West,Office Supplies,41.46,5.56,2024-07
1589,2024-07-28,Central,Office Supplies,112.81,27.34,2024-07
1590,2024-07-29,West,Furniture,367.44,30.61,2024-07
1591,2024-07-29,South,Office Supplies,128.12,31.45,2024-07
1592,2024-07-29,East,Furniture,301.83,55.83,2024-07
1593,2024-07-29,South,Furniture,192.9,28.83,2024-07
1594,2024-07-29,South,Technology,326.08,80.76,2024-07
1595,2024-07-29,West,Office Supplies,121.44,11.65,2024-07
1596,2024-07-29,East,Furniture,277.1,56.47,2024-07
1597,2024-07-29,West,Office Supplies,177.39,25.39,2024-07
1598,2024-07-30,West,Technology,476.73,53.88,2024-07
1599,2024-07-30,West,Furniture,416.07,72.52,2024-07
1600,2024-07-30,West,Technology,332.29,55.71,2024-07
1601,2024-07-30,South,Office Supplies,177.73,35.19,2024-07
1602,2024-07-30,West,Office Supplies,102.59,14.75,2024-07
1603,2024-07-30,East,Technology,502.17,67.01,2024-07
1604,2024-07-30,South,Office Supplies,33.26,9.51,2024-07
1605,2024-07-30,West,Office Supplies,126.64,23.01,2024-07
1606,2024-07-30,South,Technology,388.53,89.19,2024-07
1607,2024-07-31,West,Office Supplies,62.14,16.47,2024-07
1608,2024-07-31,East,Technology,643.55,118.58,2024-07
1609,2024-07-31,West,Office Supplies,51.8,5.02,2024-07
1610,2024-07-31,West,Office Supplies,72.92,13.09,2024-07
1611,2024-07-31,West,Furniture,393.44,92.04,2024-07
1612,2024-07-31,West,Technology,576.68,122.45,2024-07
1613,2024-07-31,West,Technology,444.57,86.43,2024-07
1614,2024-07-31,East,Furniture,162.77,21.71,2024-07
1615,2024-07-31,South,Furniture,233.54,37.92,2024-07
1616,2024-07-31,East,Furniture,275.54,68.58,2024-07
1617,2024-07-31,East,Office Supplies,80.73,13.63,2024-07
1618,2024-07-31,Central,Office Supplies,160.65,36.44,2024-07
1619,2024-07-31,East,Technology,461.14,92.26,2024-07
1620,2024-07-31,East,Office Supplies,123.52,23.56,2024-07
1621,2024-08-01,West,Furniture,287.93,22.95,2024-08
1622,2024-08-01,South,Technology,522.21,157.35,2024-08
1623,2024-08-01,West,Technology,377.43,81.29,2024-08
1624,2024-08-01,South,Office Supplies,112.69,29.94,2024-08
1625,2024-08-01,East,Technology,636.12,104.0,2024-08
1626,2024-08-01,West,Furniture,249.22,33.05,2024-08
1627,2024-08-01,Central,Furniture,345.36,80.68,2024-08
1628,2024-08-01,Central,Office Supplies,119.06,26.57,2024-08
1629,2024-08-01,West,Furniture,236.37,41.77,2024-08
1630,2024-08-01,Central,Furniture,340.0,48.55,2024-08
1631,2024-08-01,West,Furniture,293.36,44.05,2024-08
1632,2024-08-01,East,Office Supplies,203.13,37.31,2024-08
1633,2024-08-01,Central,Technology,394.14,69.1,2024-08
1634,2024-08-02,West,Office Supplies,146.68,25.54,2024-08
1635,2024-08-02,Central,Furniture,291.53,62.79,2024-08
1636,2024-08-02,Central,Technology,207.41,32.42,2024-08
1637,2024-08-02,West,Office Supplies,219.51,54.83,2024-08
1638,2024-08-02,South,Technology,433.85,84.63,2024-08
1639,2024-08-02,South,Furniture,246.8,22.98,2024-08
1640,2024-08-02,South,Office Supplies,94.82,19.02,2024-08
1641,2024-08-02,West,Office Supplies,101.05,13.05,2024-08
1642,2024-08-03,Central,Furniture,273.66,61.51,2024-08
1643,2024-08-03,West,Furniture,196.01,24.4,2024-08
1644,2024-08-03,South,Office Supplies,105.85,27.11,2024-08
1645,2024-08-03,Central,Office Supplies,143.61,17.06,2024-08
1646,2024-08-03,South,Furniture,423.38,66.8,2024-08
1647,2024-08-03,West,Technology,452.42,101.82,2024-08
1648,2024-08-03,South,Furniture,324.01,52.78,2024-08
1649,2024-08-03,East,Furniture,296.52,60.14,2024-08
1650,2024-08-04,South,Technology,597.02,119.64,2024-08
1651,2024-08-04,East,Furniture,321.42,40.84,2024-08
1652,2024-08-04,West,Technology,494.04,46.56,2024-08
1653,2024-08-04,West,Office Supplies,108.41,10.27,2024-08
1654,2024-08-04,West,Technology,292.09,73.52,2024-08
1655,2024-08-04,East,Furniture,171.54,4.88,2024-08
1656,2024-08-04,East,Office Supplies,141.57,12.98,2024-08
1657,2024-08-04,West,Furniture,125.4,19.48,2024-08
1658,2024-08-04,West,Furniture,142.48,25.86,2024-08
1659,2024-08-05,West,Office Supplies,123.83,27.17,2024-08
1660,2024-08-05,Central,Office Supplies,152.6,23.78,2024-08
1661,2024-08-05,West,Technology,335.88,68.44,2024-08
1662,2024-08-05,Central,Furniture,157.6,20.09,2024-08
1663,2024-08-05,Central,Furniture,196.03,22.07,2024-08
1664,2024-08-05,West,Furniture,146.66,17.95,2024-08
1665,2024-08-06,Central,Furniture,241.66,64.41,2024-08
1666,2024-08-06,South,Technology,85.62,16.25,2024-08
1667,2024-08-06,West,Office Supplies,110.53,21.53,2024-08
1668,2024-08-06,South,Technology,321.77,52.9,2024-08
1669,2024-08-06,East,Furniture,357.52,72.6,2024-08
1670,2024-08-06,South,Office Supplies,108.9,15.39,2024-08
1671,2024-08-06,West,Furniture,157.32,24.38,2024-08
1672,2024-08-06,Central,Office Supplies,10.0,1.71,2024-08
1673,2024-08-06,South,Furniture,401.0,74.62,2024-08
1674,2024-08-07,West,Office Supplies,129.12,20.24,2024-08
1675,2024-08-07,Central,Furniture,406.0,68.06,2024-08
1676,2024-08-07,West,Office Supplies,161.39,16.25,2024-08
1677,2024-08-07,South,Office Supplies,116.93,16.42,2024-08
1678,2024-08-07,South,Furniture,338.89,54.17,2024-08
1679,2024-08-07,West,Office Supplies,172.96,36.46,2024-08
1680,2024-08-07,East,Office Supplies,97.78,12.34,2024-08
1681,2024-08-08,West,Technology,511.29,126.52,2024-08
1682,2024-08-08,Central,Technology,401.66,52.6,2024-08
1683,2024-08-08,Central,Office Supplies,134.37,37.07,2024-08
1684,2024-08-08,West,Furniture,324.83,62.76,2024-08
1685,2024-08-08,West,Technology,278.48,47.15,2024-08
1686,2024-08-09,Central,Furniture,186.57,25.23,2024-08
1687,2024-08-09,West,Furniture,205.12,41.93,2024-08
1688,2024-08-09,West,Office Supplies,122.17,30.97,2024-08
1689,2024-08-09,East,Office Supplies,57.44,8.48,2024-08
1690,2024-08-10,Central,Furniture,260.91,42.14,2024-08
1691,2024-08-10,Central,Technology,196.47,35.05,2024-08
1692,2024-08-10,Central,Office Supplies,135.58,22.82,2024-08
1693,2024-08-10,East,Technology,458.98,101.16,2024-08
1694,2024-08-10,South,Office Supplies,109.51,12.39,2024-08
1695,2024-08-11,West,Furniture,193.94,37.99,2024-08
1696,2024-08-11,Central,Furniture,246.15,40.12,2024-08
1697,2024-08-11,East,Office Supplies,34.71,6.27,2024-08
1698,2024-08-11,East,Office Supplies,166.09,35.46,2024-08
1699,2024-08-11,West,Office Supplies,92.98,12.52,2024-08
1700,2024-08-11,East,Furniture,259.52,26.75,2024-08
1701,2024-08-11,Central,Technology,474.55,58.27,2024-08
1702,2024-08-12,East,Furniture,334.47,71.98,2024-08
1703,2024-08-12,West,Office Supplies,73.9,11.97,2024-08
1704,2024-08-12,West,Office Supplies,33.13,6.11,2024-08
1705,2024-08-12,West,Furniture,332.71,50.7,2024-08
1706,2024-08-12,Central,Office Supplies,78.12,9.92,2024-08
1707,2024-08-12,West,Technology,391.13,79.84,2024-08
1708,2024-08-13,East,Furniture,70.56,10.29,2024-08
1709,2024-08-13,Central,Furniture,213.11,45.03,2024-08
1710,2024-08-13,East,Office Supplies,57.01,10.24,2024-08
1711,2024-08-13,West,Furniture,332.11,72.38,2024-08
1712,2024-08-13,West,Office Supplies,93.07,18.7,2024-08
1713,2024-08-13,South,Technology,321.49,49.38,2024-08
1714,2024-08-13,East,Furniture,232.32,61.01,2024-08
1715,2024-08-13,Central,Office Supplies,187.53,42.22,2024-08
1716,2024-08-13,East,Furniture,151.0,33.88,2024-08
1717,2024-08-13,Central,Technology,372.64,77.25,2024-08
1718,2024-08-13,East,Office Supplies,89.36,19.23,2024-08
1719,2024-08-13,West,Furniture,315.92,58.98,2024-08
1720,2024-08-14,West,Technology,708.19,54.45,2024-08
1721,2024-08-14,South,Office Supplies,55.06,13.56,2024-08
1722,2024-08-14,West,Office Supplies,122.89,26.5,2024-08
1723,2024-08-14,Central,Furniture,250.96,26.58,2024-08
1724,2024-08-14,East,Furniture,219.84,39.71,2024-08
1725,2024-08-14,West,Office Supplies,151.66,28.28,2024-08
1726,2024-08-14,Central,Office Supplies,105.44,17.49,2024-08
1727,2024-08-14,Central,Office Supplies,148.6,32.89,2024-08
1728,2024-08-14,Central,Technology,259.77,47.89,2024-08
1729,2024-08-14,South,Furniture,319.73,83.66,2024-08
1730,2024-08-14,West,Office Supplies,174.61,19.19,2024-08
1731,2024-08-15,South,Furniture,321.83,43.26,2024-08
1732,2024-08-15,South,Technology,310.85,61.36,2024-08
1733,2024-08-15,West,Technology,569.16,52.49,2024-08
1734,2024-08-15,West,Office Supplies,165.07,31.52,2024-08
1735,2024-08-15,West,Furniture,82.92,17.78,2024-08
1736,2024-08-15,East,Technology,505.38,91.92,2024-08
1737,2024-08-15,South,Office Supplies,96.93,13.4,2024-08
1738,2024-08-15,West,Furniture,289.56,32.96,2024-08
1739,2024-08-15,East,Furniture,374.28,51.98,2024-08
1740,2024-08-15,Central,Office Supplies,37.13,8.47,2024-08
1741,2024-08-15,South,Furniture,313.1,61.36,2024-08
1742,2024-08-16,Central,Office Supplies,117.53,19.86,2024-08
1743,2024-08-16,East,Office Supplies,111.87,24.3,2024-08
1744,2024-08-16,South,Furniture,306.17,50.97,2024-08
1745,2024-08-16,East,Office Supplies,149.55,26.34,2024-08
1746,2024-08-16,East,Furniture,244.5,38.53,2024-08
1747,2024-08-16,West,Technology,623.01,157.79,2024-08
1748,2024-08-16,West,Furniture,193.07,31.6,2024-08
1749,2024-08-16,West,Office Supplies,135.13,27.98,2024-08
1750,2024-08-17,West,Furniture,257.64,23.73,2024-08
1751,2024-08-17,West,Office Supplies,76.77,19.86,2024-08
1752,2024-08-17,West,Furniture,361.45,50.73,2024-08
1753,2024-08-17,Central,Office Supplies,140.1,15.1,2024-08
1754,2024-08-18,South,Technology,387.55,56.41,2024-08
1755,2024-08-18,East,Office Supplies,60.54,14.83,2024-08
1756,2024-08-18,Central,Furniture,84.24,17.82,2024-08
1757,2024-08-18,West,Furniture,231.84,57.05,2024-08
1758,2024-08-18,West,Office Supplies,112.1,21.07,2024-08
1759,2024-08-18,South,Technology,381.52,79.65,2024-08
1760,2024-08-18,East,Office Supplies,78.01,12.03,2024-08
1761,2024-08-18,Central,Office Supplies,172.71,37.02,2024-08
1762,2024-08-18,Central,Technology,442.7,83.3,2024-08
1763,2024-08-19,East,Furniture,184.46,28.07,2024-08
1764,2024-08-19,East,Technology,442.1,96.55,2024-08
1765,2024-08-19,Central,Furniture,276.18,59.97,2024-08
1766,2024-08-20,Central,Technology,213.18,44.71,2024-08
1767,2024-08-20,East,Technology,527.37,92.56,2024-08
1768,2024-08-20,West,Office Supplies,10.0,1.21,2024-08
1769,2024-08-20,Central,Office Supplies,72.69,9.98,2024-08
1770,2024-08-20,East,Office Supplies,96.93,15.41,2024-08
1771,2024-08-20,Central,Office Supplies,120.99,31.79,2024-08
1772,2024-08-20,South,Technology,471.26,112.02,2024-08
1773,2024-08-21,Central,Office Supplies,98.38,17.69,2024-08
1774,2024-08-21,Central,Office Supplies,182.65,28.47,2024-08
1775,2024-08-21,East,Furniture,214.83,27.25,2024-08
1776,2024-08-21,South,Technology,587.43,54.04,2024-08
1777,2024-08-21,Central,Furniture,266.05,48.49,2024-08
1778,2024-08-21,West,Office Supplies,89.39,12.31,2024-08
1779,2024-08-21,West,Furniture,204.25,29.28,2024-08
1780,2024-08-22,East,Office Supplies,129.27,20.99,2024-08
1781,2024-08-22,East,Furniture,278.42,58.2,2024-08
1782,2024-08-22,East,Technology,569.29,101.78,2024-08
1783,2024-08-22,Central,Office Supplies,90.29,26.23,2024-08
1784,2024-08-23,Central,Office Supplies,99.67,18.22,2024-08
1785,2024-08-23,West,Technology,630.17,70.96,2024-08
1786,2024-08-24,West,Furniture,277.26,47.02,2024-08
1787,2024-08-24,South,Office Supplies,98.27,29.19,2024-08
1788,2024-08-24,West,Technology,369.26,47.85,2024-08
1789,2024-08-24,West,Office Supplies,172.74,6.77,2024-08
1790,2024-08-24,East,Office Supplies,90.55,13.71,2024-08
1791,2024-08-24,East,Technology,669.59,83.59,2024-08
1792,2024-08-24,Central,Office Supplies,21.79,3.25,2024-08
1793,2024-08-24,West,Office Supplies,170.33,30.51,2024-08
1794,2024-08-24,South,Furniture,279.98,37.02,2024-08
1795,2024-08-25,East,Office Supplies,97.68,13.21,2024-08
1796,2024-08-25,West,Furniture,303.68,45.15,2024-08
1797,2024-08-25,East,Furniture,269.69,49.37,2024-08
1798,2024-08-25,West,Furniture,325.67,61.06,2024-08
1799,2024-08-25,Central,Office Supplies,138.27,11.61,2024-08
1800,2024-08-25,East,Office Supplies,196.03,39.2,2024-08
1801,2024-08-25,Central,Furniture,257.94,24.27,2024-08
1802,2024-08-26,West,Furniture,307.79,53.13,2024-08
1803,2024-08-26,East,Office Supplies,165.39,29.8,2024-08
1804,2024-08-26,East,Office Supplies,168.28,40.59,2024-08
1805,2024-08-26,South,Technology,394.84,59.54,2024-08
1806,2024-08-26,West,Furniture,60.38,8.12,2024-08
1807,2024-08-26,West,Technology,725.26,117.09,2024-08
1808,2024-08-26,South,Office Supplies,39.07,4.14,2024-08
1809,2024-08-26,West,Technology,375.85,50.04,2024-08
1810,2024-08-26,East,Office Supplies,123.06,15.02,2024-08
1811,2024-08-26,East,Furniture,234.04,65.82,2024-08
1812,2024-08-26,South,Technology,340.51,59.05,2024-08
1813,2024-08-27,South,Furniture,274.6,74.59,2024-08
1814,2024-08-27,West,Furniture,170.51,35.84,2024-08
1815,2024-08-27,Central,Furniture,194.87,27.92,2024-08
1816,2024-08-27,West,Furniture,344.89,61.65,2024-08
1817,2024-08-27,Central,Office Supplies,131.08,19.93,2024-08
1818,2024-08-27,East,Technology,329.38,34.26,2024-08
1819,2024-08-27,West,Technology,425.49,54.55,2024-08
1820,2024-08-27,East,Office Supplies,114.05,25.53,2024-08
1821,2024-08-27,West,Technology,152.46,50.26,2024-08
1822,2024-08-27,Central,Office Supplies,88.37,15.4,2024-08
1823,2024-08-27,Central,Office Supplies,131.03,18.45,2024-08
1824,2024-08-27,South,Technology,334.09,78.87,2024-08
1825,2024-08-28,South,Technology,356.08,59.47,2024-08
1826,2024-08-28,South,Technology,693.68,145.58,2024-08
1827,2024-08-28,West,Furniture,253.2,66.92,2024-08
1828,2024-08-28,Central,Office Supplies,65.54,11.69,2024-08
1829,2024-08-28,West,Furniture,208.6,30.13,2024-08
1830,2024-08-28,Central,Office Supplies,136.91,21.4,2024-08
1831,2024-08-28,Central,Furniture,276.26,47.73,2024-08
1832,2024-08-28,South,Office Supplies,113.53,15.97,2024-08
1833,2024-08-28,Central,Furniture,439.63,54.72,2024-08
1834,2024-08-28,West,Technology,333.64,75.32,2024-08
1835,2024-08-28,South,Furniture,227.66,43.81,2024-08
1836,2024-08-28,East,Office Supplies,157.59,27.88,2024-08
1837,2024-08-28,West,Furniture,10.0,1.83,2024-08
1838,2024-08-28,West,Office Supplies,144.59,29.14,2024-08
1839,2024-08-29,West,Office Supplies,139.11,25.21,2024-08
1840,2024-08-29,South,Furniture,154.08,13.17,2024-08
1841,2024-08-29,West,Technology,764.58,170.82,2024-08
1842,2024-08-29,South,Technology,456.56,66.32,2024-08
1843,2024-08-29,West,Furniture,248.39,36.67,2024-08
1844,2024-08-29,West,Furniture,340.63,74.06,2024-08
1845,2024-08-29,East,Furniture,265.0,55.48,2024-08
1846,2024-08-29,West,Furniture,277.21,35.98,2024-08
1847,2024-08-29,East,Office Supplies,50.72,11.0,2024-08
1848,2024-08-29,East,Furniture,339.87,50.46,2024-08
1849,2024-08-29,West,Office Supplies,197.36,36.62,2024-08
1850,2024-08-29,West,Furniture,82.58,17.42,2024-08
1851,2024-08-29,West,Office Supplies,220.11,38.34,2024-08
1852,2024-08-29,West,Office Supplies,132.86,36.16,2024-08
1853,2024-08-29,Central,Technology,128.21,13.42,2024-08
1854,2024-08-30,Central,Office Supplies,93.07,15.52,2024-08
1855,2024-08-30,Central,Office Supplies,130.17,17.89,2024-08
1856,2024-08-30,Central,Technology,373.72,82.98,2024-08
1857,2024-08-30,South,Technology,284.46,44.19,2024-08
1858,2024-08-30,West,Office Supplies,195.92,51.35,2024-08
1859,2024-08-30,Central,Office Supplies,113.28,19.01,2024-08
1860,2024-08-30,East,Office Supplies,110.96,26.32,2024-08
1861,2024-08-30,South,Office Supplies,163.32,32.57,2024-08
1862,2024-08-31,East,Technology,347.3,68.0,2024-08
1863,2024-08-31,Central,Office Supplies,56.7,8.63,2024-08
1864,2024-08-31,South,Office Supplies,212.12,48.32,2024-08
1865,2024-08-31,East,Office Supplies,96.3,14.48,2024-08
1866,2024-08-31,Central,Technology,214.69,33.96,2024-08
1867,2024-08-31,Central,Technology,479.61,95.51,2024-08
1868,2024-08-31,West,Technology,345.96,46.43,2024-08
1869,2024-08-31,West,Office Supplies,112.26,19.05,2024-08
1870,2024-08-31,West,Furniture,320.85,61.45,2024-08
1871,2024-08-31,South,Office Supplies,123.89,30.0,2024-08
1872,2024-08-31,East,Office Supplies,188.47,37.41,2024-08
1873,2024-08-31,East,Office Supplies,136.63,23.79,2024-08
1874,2024-08-31,West,Technology,282.77,63.56,2024-08
1875,2024-09-01,South,Office Supplies,23.16,6.09,2024-09
1876,2024-09-01,Central,Office Supplies,209.01,23.78,2024-09
1877,2024-09-01,East,Furniture,321.49,41.52,2024-09
1878,2024-09-01,East,Technology,310.48,46.31,2024-09
1879,2024-09-01,East,Furniture,289.19,56.75,2024-09
1880,2024-09-01,Central,Furniture,232.14,20.65,2024-09
1881,2024-09-01,South,Furniture,212.02,55.77,2024-09
1882,2024-09-01,West,Office Supplies,154.21,20.61,2024-09
1883,2024-09-01,East,Technology,430.02,73.71,2024-09
1884,2024-09-01,South,Technology,646.63,110.86,2024-09
1885,2024-09-01,West,Furniture,142.48,24.16,2024-09
1886,2024-09-01,South,Furniture,404.86,98.15,2024-09
1887,2024-09-01,West,Office Supplies,126.01,16.39,2024-09
1888,2024-09-01,West,Technology,509.01,63.06,2024-09
1889,2024-09-02,South,Technology,177.53,43.44,2024-09
1890,2024-09-02,East,Technology,184.15,32.45,2024-09
1891,2024-09-02,East,Furniture,188.27,40.68,2024-09
1892,2024-09-02,West,Office Supplies,161.92,30.85,2024-09
1893,2024-09-02,South,Office Supplies,118.23,19.63,2024-09
1894,2024-09-02,Central,Office Supplies,79.22,15.94,2024-09
1895,2024-09-02,Central,Furniture,181.91,43.76,2024-09
1896,2024-09-02,Central,Furniture,392.72,56.3,2024-09
1897,2024-09-02,East,Technology,567.48,152.84,2024-09
1898,2024-09-03,West,Office Supplies,94.79,19.87,2024-09
1899,2024-09-03,South,Office Supplies,129.99,26.52,2024-09
1900,2024-09-03,Central,Furniture,168.85,41.27,2024-09
1901,2024-09-03,Central,Furniture,229.56,43.64,2024-09
1902,2024-09-03,East,Furniture,97.33,12.38,2024-09
1903,2024-09-03,Central,Furniture,338.41,53.37,2024-09
1904,2024-09-03,East,Technology,276.53,29.83,2024-09
1905,2024-09-03,Central,Office Supplies,173.19,37.32,2024-09
1906,2024-09-04,South,Furniture,255.32,70.55,2024-09
1907,2024-09-04,East,Technology,411.38,98.3,2024-09
1908,2024-09-04,East,Furniture,133.71,19.11,2024-09
1909,2024-09-04,West,Technology,532.01,100.58,2024-09
1910,2024-09-04,Central,Office Supplies,116.06,27.64,2024-09
1911,2024-09-04,South,Furniture,331.2,63.07,2024-09
1912,2024-09-04,South,Furniture,43.98,7.96,2024-09
1913,2024-09-04,Central,Technology,462.42,43.42,2024-09
1914,2024-09-04,Central,Furniture,285.91,68.83,2024-09
1915,2024-09-05,Central,Office Supplies,94.91,16.23,2024-09
1916,2024-09-05,Central,Office Supplies,139.94,23.41,2024-09
1917,2024-09-05,West,Office Supplies,81.03,15.0,2024-09
1918,2024-09-05,South,Office Supplies,111.8,16.07,2024-09
1919,2024-09-05,Central,Office Supplies,106.67,19.94,2024-09
1920,2024-09-05,West,Technology,578.19,58.42,2024-09
1921,2024-09-06,West,Office Supplies,176.82,35.49,2024-09
1922,2024-09-06,Central,Office Supplies,88.9,4.91,2024-09
1923,2024-09-06,West,Technology,241.36,50.4,2024-09
1924,2024-09-07,West,Furniture,180.87,38.82,2024-09
1925,2024-09-07,South,Office Supplies,162.92,31.05,2024-09
1926,2024-09-07,South,Office Supplies,147.17,21.45,2024-09
1927,2024-09-07,West,Furniture,382.6,90.8,2024-09
1928,2024-09-07,West,Furniture,361.53,44.55,2024-09
1929,2024-09-07,East,Technology,471.3,70.32,2024-09
1930,2024-09-07,East,Furniture,391.49,55.39,2024-09
1931,2024-09-07,Central,Technology,435.31,35.47,2024-09
1932,2024-09-08,West,Technology,509.23,61.76,2024-09
1933,2024-09-08,Central,Office Supplies,122.87,22.89,2024-09
1934,2024-09-08,West,Office Supplies,153.45,40.39,2024-09
1935,2024-09-08,South,Office Supplies,78.76,11.47,2024-09
1936,2024-09-08,East,Furniture,283.68,62.39,2024-09
1937,2024-09-08,Central,Office Supplies,117.17,28.08,2024-09
1938,2024-09-08,South,Office Supplies,128.71,26.04,2024-09
1939,2024-09-09,South,Office Supplies,135.24,29.6,2024-09
1940,2024-09-09,West,Office Supplies,129.54,23.88,2024-09
1941,2024-09-09,West,Technology,431.29,89.63,2024-09
1942,2024-09-09,South,Office Supplies,122.95,23.09,2024-09
1943,2024-09-09,East,Technology,10.0,1.23,2024-09
1944,2024-09-09,Central,Furniture,361.27,62.89,2024-09
1945,2024-09-10,West,Office Supplies,59.39,12.58,2024-09
1946,2024-09-10,South,Technology,644.2,137.33,2024-09
1947,2024-09-11,East,Furniture,346.93,72.28,2024-09
1948,2024-09-11,South,Furniture,306.38,57.39,2024-09
1949,2024-09-11,East,Office Supplies,107.0,20.29,2024-09
1950,2024-09-11,South,Technology,380.63,61.33,2024-09
1951,2024-09-11,West,Office Supplies,137.35,23.12,2024-09
1952,2024-09-11,West,Furniture,275.62,23.7,2024-09
1953,2024-09-11,West,Furniture,268.12,45.05,2024-09
1954,2024-09-12,West,Office Supplies,167.95,21.35,2024-09
1955,2024-09-12,South,Office Supplies,134.03,27.28,2024-09
1956,2024-09-12,West,Office Supplies,126.91,21.42,2024-09
1957,2024-09-12,West,Furniture,359.48,89.45,2024-09
1958,2024-09-12,East,Furniture,412.53,37.67,2024-09
1959,2024-09-12,South,Technology,628.01,118.85,2024-09
1960,2024-09-12,West,Office Supplies,97.71,11.65,2024-09
1961,2024-09-12,Central,Furniture,317.9,65.4,2024-09
1962,2024-09-12,West,Office Supplies,137.44,28.38,2024-09
1963,2024-09-12,West,Furniture,307.39,83.86,2024-09
1964,2024-09-12,East,Furniture,276.15,58.48,2024-09
1965,2024-09-12,South,Technology,349.0,98.16,2024-09
1966,2024-09-13,South,Furniture,359.92,86.16,2024-09
1967,2024-09-13,West,Furniture,293.46,62.14,2024-09
1968,2024-09-13,West,Office Supplies,83.59,14.92,2024-09
1969,2024-09-13,South,Office Supplies,126.06,24.78,2024-09
1970,2024-09-13,South,Office Supplies,133.14,24.4,2024-09
1971,2024-09-13,Central,Furniture,292.4,56.54,2024-09
1972,2024-09-13,Central,Office Supplies,131.14,19.35,2024-09
1973,2024-09-13,West,Office Supplies,74.58,14.68,2024-09
1974,2024-09-14,West,Office Supplies,135.74,26.05,2024-09
1975,2024-09-14,South,Technology,258.35,42.27,2024-09
1976,2024-09-14,Central,Office Supplies,102.32,10.43,2024-09
1977,2024-09-14,Central,Office Supplies,89.8,15.73,2024-09
1978,2024-09-14,West,Technology,376.83,82.8,2024-09
1979,2024-09-14,West,Office Supplies,178.47,29.61,2024-09
1980,2024-09-14,Central,Furniture,148.71,30.28,2024-09
1981,2024-09-14,West,Office Supplies,115.59,26.89,2024-09
1982,2024-09-15,West,Office Supplies,127.38,30.26,2024-09
1983,2024-09-15,Central,Technology,359.59,76.88,2024-09
1984,2024-09-15,South,Furniture,322.35,53.88,2024-09
1985,2024-09-15,West,Furniture,326.89,33.6,2024-09
1986,2024-09-15,West,Office Supplies,133.0,28.61,2024-09
1987,2024-09-15,East,Technology,304.28,47.77,2024-09
1988,2024-09-15,East,Office Supplies,75.16,9.85,2024-09
1989,2024-09-16,South,Furniture,236.63,47.72,2024-09
1990,2024-09-16,West,Office Supplies,47.96,10.61,2024-09
1991,2024-09-16,Central,Office Supplies,74.31,12.92,2024-09
1992,2024-09-16,Central,Furniture,131.76,21.74,2024-09
1993,2024-09-16,West,Furniture,217.95,41.16,2024-09
1994,2024-09-16,East,Office Supplies,146.33,25.98,2024-09
1995,2024-09-17,South,Furniture,163.55,28.24,2024-09
1996,2024-09-17,South,Furniture,232.58,44.01,2024-09
1997,2024-09-17,South,Office Supplies,129.98,15.53,2024-09
1998,2024-09-17,West,Furniture,225.3,52.39,2024-09
1999,2024-09-17,West,Furniture,333.39,55.01,2024-09
2000,2024-09-17,West,Technology,435.95,73.49,2024-09
2001,2024-09-17,West,Furniture,308.37,31.68,2024-09
2002,2024-09-17,Central,Furniture,296.7,75.55,2024-09
2003,2024-09-17,Central,Office Supplies,92.32,22.75,2024-09
2004,2024-09-18,East,Furniture,383.4,60.48,2024-09
2005,2024-09-18,Central,Office Supplies,113.5,10.14,2024-09
2006,2024-09-18,East,Technology,397.3,73.53,2024-09
2007,2024-09-18,East,Furniture,352.13,91.35,2024-09
2008,2024-09-18,Central,Furniture,316.97,74.07,2024-09
2009,2024-09-18,West,Office Supplies,113.47,13.87,2024-09
2010,2024-09-18,South,Office Supplies,132.82,31.53,2024-09
2011,2024-09-18,East,Office Supplies,14.12,2.65,2024-09
2012,2024-09-18,East,Office Supplies,48.57,6.96,2024-09
2013,2024-09-18,South,Office Supplies,127.92,33.31,2024-09
2014,2024-09-18,Central,Furniture,254.14,54.57,2024-09
2015,2024-09-18,South,Office Supplies,132.4,19.33,2024-09
2016,2024-09-18,East,Office Supplies,140.55,17.01,2024-09
2017,2024-09-19,East,Technology,459.13,56.73,2024-09
2018,2024-09-19,East,Office Supplies,46.73,6.8,2024-09
2019,2024-09-19,South,Technology,374.3,65.22,2024-09
2020,2024-09-19,Central,Furniture,241.07,43.84,2024-09
2021,2024-09-19,East,Office Supplies,139.17,22.5,2024-09
2022,2024-09-19,East,Furniture,171.55,35.8,2024-09
2023,2024-09-19,Central,Office Supplies,158.77,24.44,2024-09
2024,2024-09-19,Central,Office Supplies,206.29,53.05,2024-09
2025,2024-09-19,East,Office Supplies,75.24,7.21,2024-09
2026,2024-09-19,Central,Office Supplies,114.05,22.25,2024-09
2027,2024-09-19,West,Technology,684.97,191.52,2024-09
2028,2024-09-19,East,Office Supplies,149.28,24.28,2024-09
2029,2024-09-19,Central,Furniture,356.44,66.93,2024-09
2030,2024-09-19,South,Furniture,139.5,16.53,2024-09
2031,2024-09-19,East,Office Supplies,105.67,24.42,2024-09
2032,2024-09-20,East,Furniture,384.08,77.21,2024-09
2033,2024-09-20,East,Technology,658.74,136.36,2024-09
2034,2024-09-20,South,Furniture,342.94,56.18,2024-09
2035,2024-09-20,South,Office Supplies,187.75,40.64,2024-09
2036,2024-09-20,South,Furniture,242.72,60.41,2024-09
2037,2024-09-20,West,Office Supplies,148.63,26.86,2024-09
2038,2024-09-20,West,Technology,479.93,66.84,2024-09
2039,2024-09-21,East,Office Supplies,130.45,20.93,2024-09
2040,2024-09-21,West,Office Supplies,109.59,17.1,2024-09
2041,2024-09-21,Central,Furniture,307.63,58.94,2024-09
2042,2024-09-21,Central,Technology,358.69,56.26,2024-09
2043,2024-09-21,South,Office Supplies,178.71,42.81,2024-09
2044,2024-09-21,West,Furniture,308.71,72.05,2024-09
2045,2024-09-21,West,Technology,224.44,29.19,2024-09
2046,2024-09-21,South,Technology,246.18,44.86,2024-09
2047,2024-09-21,East,Office Supplies,166.41,26.81,2024-09
2048,2024-09-21,South,Technology,576.07,88.33,2024-09
2049,2024-09-21,West,Furniture,241.67,38.81,2024-09
2050,2024-09-21,South,Furniture,235.02,41.53,2024-09
2051,2024-09-21,South,Furniture,100.44,20.05,2024-09
2052,2024-09-22,Central,Office Supplies,80.54,7.22,2024-09
2053,2024-09-22,South,Technology,486.53,96.01,2024-09
2054,2024-09-22,West,Office Supplies,184.57,46.27,2024-09
2055,2024-09-23,East,Technology,547.36,48.09,2024-09
2056,2024-09-23,East,Furniture,271.64,60.94,2024-09
2057,2024-09-23,South,Technology,196.83,26.33,2024-09
2058,2024-09-23,South,Technology,569.85,117.76,2024-09
2059,2024-09-23,Central,Office Supplies,170.67,33.02,2024-09
2060,2024-09-23,Central,Furniture,171.24,27.28,2024-09
2061,2024-09-23,East,Technology,531.45,55.01,2024-09
2062,2024-09-23,West,Furniture,206.99,30.77,2024-09
2063,2024-09-23,West,Furniture,245.38,52.19,2024-09
2064,2024-09-24,West,Office Supplies,78.87,14.15,2024-09
2065,2024-09-24,West,Furniture,291.93,54.66,2024-09
2066,2024-09-24,South,Office Supplies,164.46,32.02,2024-09
2067,2024-09-24,East,Office Supplies,64.09,10.21,2024-09
2068,2024-09-24,West,Furniture,156.72,34.81,2024-09
2069,2024-09-24,West,Furniture,248.23,58.62,2024-09
2070,2024-09-24,Central,Office Supplies,66.16,10.68,2024-09
2071,2024-09-24,Central,Furniture,277.06,41.79,2024-09
2072,2024-09-25,West,Furniture,257.62,33.39,2024-09
2073,2024-09-25,South,Office Supplies,100.07,11.31,2024-09
2074,2024-09-25,West,Technology,671.77,124.02,2024-09
2075,2024-09-25,East,Office Supplies,102.21,10.43,2024-09
2076,2024-09-25,Central,Furniture,225.27,35.79,2024-09
2077,2024-09-25,East,Technology,296.34,47.63,2024-09
2078,2024-09-25,West,Technology,234.8,54.36,2024-09
2079,2024-09-25,Central,Office Supplies,157.43,37.95,2024-09
2080,2024-09-25,South,Technology,168.08,45.92,2024-09
2081,2024-09-26,South,Furniture,153.37,27.07,2024-09
2082,2024-09-26,West,Furniture,131.65,14.1,2024-09
2083,2024-09-26,South,Technology,447.61,67.59,2024-09
2084,2024-09-26,East,Furniture,207.49,30.78,2024-09
2085,2024-09-26,West,Office Supplies,150.02,21.19,2024-09
2086,2024-09-27,West,Technology,404.59,73.26,2024-09
2087,2024-09-27,West,Furniture,372.22,75.28,2024-09
2088,2024-09-27,East,Furniture,252.72,43.45,2024-09
2089,2024-09-27,South,Office Supplies,145.59,23.79,2024-09
2090,2024-09-27,South,Technology,258.99,48.8,2024-09
2091,2024-09-27,West,Office Supplies,147.73,32.11,2024-09
2092,2024-09-27,South,Furniture,215.43,42.11,2024-09
2093,2024-09-27,East,Furniture,374.6,93.91,2024-09
2094,2024-09-27,South,Office Supplies,166.66,17.49,2024-09
2095,2024-09-27,South,Technology,354.77,87.55,2024-09
2096,2024-09-28,Central,Furniture,179.18,23.06,2024-09
2097,2024-09-28,Central,Office Supplies,103.21,19.39,2024-09
2098,2024-09-28,East,Office Supplies,67.12,8.71,2024-09
2099,2024-09-28,East,Technology,298.76,59.25,2024-09
2100,2024-09-28,East,Technology,288.6,77.15,2024-09
2101,2024-09-29,South,Technology,447.3,88.52,2024-09
2102,2024-09-29,East,Furniture,247.5,39.59,2024-09
2103,2024-09-29,East,Office Supplies,87.16,16.22,2024-09
2104,2024-09-29,East,Office Supplies,142.34,21.55,2024-09
2105,2024-09-29,West,Furniture,171.84,30.64,2024-09
2106,2024-09-29,East,Furniture,205.7,47.26,2024-09
2107,2024-09-29,West,Office Supplies,157.09,32.33,2024-09
2108,2024-09-29,South,Office Supplies,120.63,25.45,2024-09
2109,2024-09-30,Central,Furniture,163.59,16.62,2024-09
2110,2024-09-30,Central,Furniture,235.83,55.58,2024-09
2111,2024-09-30,South,Office Supplies,90.9,14.38,2024-09
2112,2024-09-30,East,Office Supplies,109.9,14.99,2024-09
2113,2024-09-30,Central,Furniture,295.44,44.11,2024-09
2114,2024-09-30,South,Furniture,283.15,48.61,2024-09
2115,2024-09-30,West,Office Supplies,114.68,19.46,2024-09
2116,2024-09-30,Central,Office Supplies,114.8,24.93,2024-09
2117,2024-09-30,South,Office Supplies,151.62,24.76,2024-09
2118,2024-10-01,West,Office Supplies,91.24,15.99,2024-10
2119,2024-10-01,Central,Office Supplies,41.95,6.49,2024-10
2120,2024-10-01,West,Furniture,273.77,71.05,2024-10
2121,2024-10-01,South,Office Supplies,144.52,22.87,2024-10
2122,2024-10-01,Central,Furniture,119.44,29.23,2024-10
2123,2024-10-01,South,Office Supplies,99.83,19.31,2024-10
2124,2024-10-02,East,Office Supplies,197.62,45.36,2024-10
2125,2024-10-02,South,Office Supplies,103.04,22.82,2024-10
2126,2024-10-02,West,Office Supplies,161.13,26.99,2024-10
2127,2024-10-02,East,Office Supplies,197.61,47.33,2024-10
2128,2024-10-02,East,Furniture,232.44,37.14,2024-10
2129,2024-10-02,Central,Office Supplies,160.06,46.19,2024-10
2130,2024-10-02,West,Furniture,145.97,29.5,2024-10
2131,2024-10-02,East,Technology,513.3,124.02,2024-10
2132,2024-10-02,West,Furniture,321.76,50.39,2024-10
2133,2024-10-02,Central,Furniture,137.17,22.62,2024-10
2134,2024-10-02,East,Office Supplies,152.89,23.17,2024-10
2135,2024-10-03,South,Office Supplies,215.77,30.92,2024-10
2136,2024-10-03,West,Furniture,356.87,51.61,2024-10
2137,2024-10-03,Central,Furniture,276.97,64.69,2024-10
2138,2024-10-03,South,Office Supplies,115.58,13.27,2024-10
2139,2024-10-03,Central,Furniture,211.17,21.49,2024-10
2140,2024-10-03,West,Furniture,331.62,87.58,2024-10
2141,2024-10-03,West,Furniture,233.91,33.72,2024-10
2142,2024-10-03,East,Office Supplies,153.09,43.92,2024-10
2143,2024-10-03,East,Furniture,338.07,66.23,2024-10
2144,2024-10-03,Central,Office Supplies,62.61,6.9,2024-10
2145,2024-10-03,South,Furniture,235.85,43.2,2024-10
2146,2024-10-03,Central,Office Supplies,106.97,16.31,2024-10
2147,2024-10-04,South,Office Supplies,99.03,8.55,2024-10
2148,2024-10-04,South,Furniture,338.85,41.14,2024-10
2149,2024-10-04,West,Technology,450.74,69.64,2024-10
2150,2024-10-04,East,Furniture,265.94,59.73,2024-10
2151,2024-10-04,West,Furniture,266.18,79.88,2024-10
2152,2024-10-04,South,Technology,279.15,78.72,2024-10
2153,2024-10-04,West,Office Supplies,107.48,15.63,2024-10
2154,2024-10-04,East,Furniture,244.03,26.76,2024-10
2155,2024-10-04,Central,Office Supplies,94.33,15.84,2024-10
2156,2024-10-04,Central,Furniture,273.14,50.04,2024-10
2157,2024-10-05,East,Technology,377.36,63.77,2024-10
2158,2024-10-05,South,Office Supplies,149.14,32.06,2024-10
2159,2024-10-05,West,Technology,167.5,37.34,2024-10
2160,2024-10-05,Central,Office Supplies,180.97,28.14,2024-10
2161,2024-10-05,East,Technology,343.09,59.81,2024-10
2162,2024-10-05,West,Office Supplies,77.89,18.77,2024-10
2163,2024-10-05,West,Office Supplies,189.33,43.32,2024-10
2164,2024-10-05,West,Office Supplies,49.94,7.35,2024-10
2165,2024-10-06,West,Office Supplies,119.24,23.21,2024-10
2166,2024-10-06,West,Technology,754.25,127.17,2024-10
2167,2024-10-06,East,Office Supplies,125.2,26.39,2024-10
2168,2024-10-06,West,Office Supplies,109.67,22.19,2024-10
2169,2024-10-07,East,Furniture,244.3,49.45,2024-10
2170,2024-10-07,South,Furniture,134.46,26.8,2024-10
2171,2024-10-07,Central,Technology,463.63,54.98,2024-10
2172,2024-10-07,South,Technology,382.99,75.69,2024-10
2173,2024-10-07,East,Furniture,377.84,68.06,2024-10
2174,2024-10-07,East,Office Supplies,71.49,8.28,2024-10
2175,2024-10-07,Central,Office Supplies,103.11,20.44,2024-10
2176,2024-10-07,Central,Furniture,298.75,37.47,2024-10
2177,2024-10-07,South,Furniture,287.48,23.08,2024-10
2178,2024-10-07,East,Technology,326.53,65.38,2024-10
2179,2024-10-08,West,Furniture,106.22,12.18,2024-10
2180,2024-10-08,West,Technology,432.32,117.06,2024-10
2181,2024-10-08,South,Furniture,252.46,80.32,2024-10
2182,2024-10-08,West,Office Supplies,147.47,20.99,2024-10
2183,2024-10-08,West,Technology,521.09,64.3,2024-10
2184,2024-10-08,South,Office Supplies,125.54,23.53,2024-10
2185,2024-10-08,West,Office Supplies,125.25,14.97,2024-10
2186,2024-10-09,East,Technology,362.43,71.7,2024-10
2187,2024-10-09,South,Furniture,374.86,74.44,2024-10
2188,2024-10-09,West,Technology,239.38,40.51,2024-10
2189,2024-10-09,West,Office Supplies,113.45,27.55,2024-10
2190,2024-10-09,Central,Furniture,110.97,22.19,2024-10
2191,2024-10-09,South,Office Supplies,77.48,11.87,2024-10
2192,2024-10-09,East,Technology,505.77,96.33,2024-10
2193,2024-10-10,West,Technology,247.49,58.27,2024-10
2194,2024-10-10,South,Technology,287.09,45.08,2024-10
2195,2024-10-11,East,Furniture,439.48,102.28,2024-10
2196,2024-10-11,Central,Office Supplies,78.05,9.28,2024-10
2197,2024-10-11,Central,Furniture,202.12,23.74,2024-10
2198,2024-10-11,West,Furniture,273.49,52.66,2024-10
2199,2024-10-11,East,Furniture,177.53,38.04,2024-10
2200,2024-10-11,West,Furniture,310.09,45.87,2024-10
2201,2024-10-11,South,Furniture,174.95,28.12,2024-10
2202,2024-10-11,East,Technology,477.8,135.08,2024-10
2203,2024-10-11,Central,Technology,474.31,59.92,2024-10
2204,2024-10-12,South,Office Supplies,95.61,17.86,2024-10
2205,2024-10-12,South,Office Supplies,110.4,19.62,2024-10
2206,2024-10-12,Central,Furniture,205.1,31.61,2024-10
2207,2024-10-12,Central,Furniture,175.86,27.69,2024-10
2208,2024-10-12,Central,Office Supplies,79.8,17.81,2024-10
2209,2024-10-12,East,Furniture,304.9,53.3,2024-10
2210,2024-10-12,East,Furniture,269.59,37.12,2024-10
2211,2024-10-12,Central,Office Supplies,118.2,28.01,2024-10
2212,2024-10-12,East,Furniture,346.27,89.68,2024-10
2213,2024-10-12,West,Office Supplies,156.21,30.54,2024-10
2214,2024-10-12,Central,Technology,512.71,63.18,2024-10
2215,2024-10-12,South,Office Supplies,150.41,33.83,2024-10
2216,2024-10-13,Central,Furniture,254.08,39.12,2024-10
2217,2024-10-13,West,Furniture,310.22,64.34,2024-10
2218,2024-10-13,East,Furniture,307.48,44.24,2024-10
2219,2024-10-13,South,Office Supplies,133.11,29.67,2024-10
2220,2024-10-13,West,Office Supplies,96.17,25.97,2024-10
2221,2024-10-13,Central,Office Supplies,111.89,10.17,2024-10
2222,2024-10-14,West,Furniture,272.24,58.49,2024-10
2223,2024-10-14,East,Furniture,284.29,36.47,2024-10
2224,2024-10-14,Central,Technology,250.11,35.21,2024-10
2225,2024-10-14,West,Technology,622.48,127.64,2024-10
2226,2024-10-14,West,Furniture,255.55,36.69,2024-10
2227,2024-10-14,Central,Furniture,323.96,68.09,2024-10
2228,2024-10-14,West,Office Supplies,190.32,25.68,2024-10
2229,2024-10-14,Central,Technology,258.22,23.76,2024-10
2230,2024-10-14,East,Furniture,296.02,56.89,2024-10
2231,2024-10-15,West,Technology,492.7,51.77,2024-10
2232,2024-10-15,Central,Office Supplies,36.07,5.22,2024-10
2233,2024-10-15,South,Technology,305.01,50.24,2024-10
2234,2024-10-15,East,Furniture,197.73,36.68,2024-10
2235,2024-10-15,West,Technology,540.11,76.11,2024-10
2236,2024-10-15,Central,Furniture,330.67,73.6,2024-10
2237,2024-10-15,West,Furniture,322.01,58.63,2024-10
2238,2024-10-16,South,Furniture,100.85,17.73,2024-10
2239,2024-10-16,Central,Office Supplies,141.18,21.59,2024-10
2240,2024-10-16,West,Furniture,223.37,36.71,2024-10
2241,2024-10-16,Central,Office Supplies,125.19,21.18,2024-10
2242,2024-10-16,Central,Furniture,177.52,33.02,2024-10
2243,2024-10-16,South,Technology,463.11,88.22,2024-10
2244,2024-10-16,South,Technology,151.93,32.19,2024-10
2245,2024-10-16,East,Furniture,153.36,30.93,2024-10
2246,2024-10-16,West,Office Supplies,140.08,15.13,2024-10
2247,2024-10-16,South,Office Supplies,157.19,42.3,2024-10
2248,2024-10-16,West,Furniture,225.82,45.55,2024-10
2249,2024-10-17,East,Furniture,263.85,41.55,2024-10
2250,2024-10-17,South,Office Supplies,107.67,21.45,2024-10
2251,2024-10-17,West,Furniture,142.15,38.77,2024-10
2252,2024-10-17,Central,Technology,701.15,153.21,2024-10
2253,2024-10-18,South,Technology,680.73,115.46,2024-10
2254,2024-10-18,South,Furniture,274.34,27.08,2024-10
2255,2024-10-18,Central,Furniture,247.28,48.64,2024-10
2256,2024-10-18,West,Furniture,292.8,44.71,2024-10
2257,2024-10-18,South,Office Supplies,205.55,34.72,2024-10
2258,2024-10-18,West,Office Supplies,126.23,20.61,2024-10
2259,2024-10-18,East,Technology,325.46,69.29,2024-10
2260,2024-10-18,West,Office Supplies,53.29,11.52,2024-10
2261,2024-10-18,Central,Furniture,260.92,44.74,2024-10
2262,2024-10-19,Central,Furniture,175.15,29.13,2024-10
2263,2024-10-19,West,Furniture,145.58,12.86,2024-10
2264,2024-10-19,West,Office Supplies,112.5,24.48,2024-10
2265,2024-10-19,East,Furniture,269.8,63.64,2024-10
2266,2024-10-19,West,Furniture,98.41,15.78,2024-10
2267,2024-10-19,South,Technology,404.79,55.56,2024-10
2268,2024-10-19,East,Office Supplies,123.24,28.69,2024-10
2269,2024-10-19,West,Furniture,293.97,70.73,2024-10
2270,2024-10-20,Central,Office Supplies,146.88,29.06,2024-10
2271,2024-10-20,West,Furniture,243.18,50.46,2024-10
2272,2024-10-20,Central,Office Supplies,60.39,11.55,2024-10
2273,2024-10-20,Central,Technology,311.91,101.59,2024-10
2274,2024-10-20,East,Furniture,138.26,17.4,2024-10
2275,2024-10-20,South,Technology,432.7,123.68,2024-10
2276,2024-10-20,East,Technology,282.93,47.17,2024-10
2277,2024-10-20,West,Technology,353.16,73.56,2024-10
2278,2024-10-20,East,Technology,438.15,101.44,2024-10
2279,2024-10-21,West,Technology,349.53,38.39,2024-10
2280,2024-10-21,South,Office Supplies,84.67,6.76,2024-10
2281,2024-10-21,West,Office Supplies,110.69,27.62,2024-10
2282,2024-10-21,South,Office Supplies,172.35,20.04,2024-10
2283,2024-10-21,Central,Office Supplies,78.06,10.2,2024-10
2284,2024-10-21,Central,Furniture,178.49,40.08,2024-10
2285,2024-10-21,West,Office Supplies,134.32,22.49,2024-10
2286,2024-10-21,East,Office Supplies,134.63,31.3,2024-10
2287,2024-10-21,West,Office Supplies,107.27,23.36,2024-10
2288,2024-10-21,South,Furniture,213.16,22.41,2024-10
2289,2024-10-21,Central,Office Supplies,120.84,12.05,2024-10
2290,2024-10-21,South,Technology,355.5,66.68,2024-10
2291,2024-10-22,South,Furniture,248.75,42.33,2024-10
2292,2024-10-22,East,Technology,287.6,52.27,2024-10
2293,2024-10-22,East,Office Supplies,126.7,25.11,2024-10
2294,2024-10-22,South,Office Supplies,131.09,15.18,2024-10
2295,2024-10-22,Central,Office Supplies,162.08,32.42,2024-10
2296,2024-10-23,East,Furniture,198.66,28.3,2024-10
2297,2024-10-23,West,Office Supplies,83.05,14.23,2024-10
2298,2024-10-23,East,Office Supplies,21.06,5.45,2024-10
2299,2024-10-23,Central,Technology,667.05,87.47,2024-10
2300,2024-10-23,South,Technology,664.27,87.51,2024-10
2301,2024-10-23,East,Office Supplies,120.62,24.04,2024-10
2302,2024-10-23,South,Office Supplies,124.16,19.11,2024-10
2303,2024-10-23,West,Furniture,200.4,44.2,2024-10
2304,2024-10-24,West,Technology,561.15,113.78,2024-10
2305,2024-10-24,Central,Technology,394.69,72.51,2024-10
2306,2024-10-24,East,Office Supplies,77.97,16.92,2024-10
2307,2024-10-24,East,Furniture,139.81,22.34,2024-10
2308,2024-10-24,West,Furniture,236.41,37.75,2024-10
2309,2024-10-24,West,Furniture,166.1,24.61,2024-10
2310,2024-10-24,Central,Office Supplies,64.94,16.78,2024-10
2311,2024-10-24,South,Technology,328.59,49.27,2024-10
2312,2024-10-24,West,Furniture,423.39,43.62,2024-10
2313,2024-10-24,West,Furniture,299.82,54.76,2024-10
2314,2024-10-24,East,Office Supplies,80.32,14.95,2024-10
2315,2024-10-24,East,Furniture,403.83,84.01,2024-10
2316,2024-10-25,South,Furniture,182.25,30.77,2024-10
2317,2024-10-25,East,Office Supplies,126.02,26.31,2024-10
2318,2024-10-25,Central,Technology,375.95,64.91,2024-10
2319,2024-10-25,South,Furniture,455.55,103.63,2024-10
2320,2024-10-25,West,Furniture,220.67,38.23,2024-10
2321,2024-10-25,West,Furniture,408.51,85.36,2024-10
2322,2024-10-25,West,Office Supplies,165.76,26.86,2024-10
2323,2024-10-25,East,Office Supplies,100.25,25.56,2024-10
2324,2024-10-26,East,Office Supplies,101.54,21.22,2024-10
2325,2024-10-26,South,Technology,312.03,53.04,2024-10
2326,2024-10-26,Central,Office Supplies,29.22,5.43,2024-10
2327,2024-10-26,East,Furniture,505.24,103.04,2024-10
2328,2024-10-27,West,Furniture,333.39,67.73,2024-10
2329,2024-10-27,West,Office Supplies,114.02,25.79,2024-10
2330,2024-10-27,East,Office Supplies,95.24,18.7,2024-10
2331,2024-10-27,West,Furniture,358.71,59.96,2024-10
2332,2024-10-27,East,Office Supplies,164.31,37.33,2024-10
2333,2024-10-27,Central,Furniture,275.82,33.01,2024-10
2334,2024-10-27,West,Office Supplies,38.38,5.55,2024-10
2335,2024-10-27,West,Furniture,211.05,35.27,2024-10
2336,2024-10-27,West,Furniture,301.4,43.0,2024-10
2337,2024-10-27,West,Office Supplies,145.83,38.23,2024-10
2338,2024-10-27,South,Furniture,234.48,44.47,2024-10
2339,2024-10-28,Central,Furniture,299.81,55.04,2024-10
2340,2024-10-28,South,Office Supplies,78.6,11.11,2024-10
2341,2024-10-28,West,Furniture,154.81,22.57,2024-10
2342,2024-10-28,South,Office Supplies,90.36,15.09,2024-10
2343,2024-10-28,West,Furniture,359.14,67.08,2024-10
2344,2024-10-28,Central,Office Supplies,152.66,28.05,2024-10
2345,2024-10-28,South,Office Supplies,103.55,8.89,2024-10
2346,2024-10-28,East,Office Supplies,79.59,14.33,2024-10
2347,2024-10-28,East,Office Supplies,126.95,28.98,2024-10
2348,2024-10-28,Central,Furniture,113.49,32.44,2024-10
2349,2024-10-29,West,Office Supplies,109.8,25.57,2024-10
2350,2024-10-29,Central,Technology,274.65,27.66,2024-10
2351,2024-10-29,West,Technology,388.37,66.07,2024-10
2352,2024-10-29,Central,Office Supplies,181.42,11.5,2024-10
2353,2024-10-29,East,Office Supplies,159.41,28.73,2024-10
2354,2024-10-29,West,Technology,254.49,34.76,2024-10
2355,2024-10-30,East,Office Supplies,216.6,23.38,2024-10
2356,2024-10-30,South,Technology,580.48,123.54,2024-10
2357,2024-10-30,East,Furniture,208.04,54.4,2024-10
2358,2024-10-30,West,Furniture,144.26,28.94,2024-10
2359,2024-10-30,Central,Furniture,233.69,36.46,2024-10
2360,2024-10-30,East,Technology,247.59,79.25,2024-10
2361,2024-10-30,East,Furniture,207.37,14.33,2024-10
2362,2024-10-30,West,Furniture,322.29,63.2,2024-10
2363,2024-10-30,East,Technology,360.89,58.27,2024-10
2364,2024-10-30,East,Furniture,242.9,53.87,2024-10
2365,2024-10-31,West,Furniture,235.77,46.43,2024-10
2366,2024-10-31,West,Office Supplies,115.7,22.48,2024-10
2367,2024-10-31,Central,Technology,118.97,15.1,2024-10
2368,2024-10-31,Central,Technology,289.46,62.78,2024-10
2369,2024-10-31,South,Office Supplies,170.82,33.12,2024-10
2370,2024-10-31,East,Technology,524.91,100.21,2024-10
2371,2024-10-31,East,Office Supplies,99.61,12.4,2024-10
2372,2024-10-31,Central,Office Supplies,158.48,48.23,2024-10
2373,2024-10-31,South,Furniture,146.63,24.95,2024-10
2374,2024-10-31,Central,Furniture,218.89,16.91,2024-10
2375,2024-10-31,East,Furniture,190.06,51.25,2024-10
2376,2024-10-31,South,Office Supplies,125.27,21.41,2024-10
2377,2024-11-01,South,Furniture,375.48,50.94,2024-11
2378,2024-11-01,East,Office Supplies,178.98,34.41,2024-11
2379,2024-11-01,West,Office Supplies,148.46,26.67,2024-11
2380,2024-11-01,Central,Office Supplies,122.76,18.41,2024-11
2381,2024-11-01,West,Technology,277.81,37.22,2024-11
2382,2024-11-01,West,Furniture,346.49,65.45,2024-11
2383,2024-11-01,South,Furniture,177.16,32.73,2024-11
2384,2024-11-01,South,Office Supplies,53.76,7.39,2024-11
2385,2024-11-01,West,Furniture,356.0,55.08,2024-11
2386,2024-11-01,South,Furniture,343.5,60.31,2024-11
2387,2024-11-02,West,Office Supplies,96.55,20.34,2024-11
2388,2024-11-02,South,Office Supplies,144.7,20.94,2024-11
2389,2024-11-02,East,Office Supplies,112.33,17.1,2024-11
2390,2024-11-02,Central,Office Supplies,59.89,5.02,2024-11
2391,2024-11-02,East,Office Supplies,121.94,26.52,2024-11
2392,2024-11-02,West,Technology,372.96,30.24,2024-11
2393,2024-11-02,South,Office Supplies,146.84,21.23,2024-11
2394,2024-11-03,East,Furniture,318.07,54.96,2024-11
2395,2024-11-03,South,Office Supplies,175.18,12.89,2024-11
2396,2024-11-03,East,Furniture,238.73,26.14,2024-11
2397,2024-11-03,West,Furniture,218.95,28.19,2024-11
2398,2024-11-04,West,Furniture,248.32,38.19,2024-11
2399,2024-11-04,West,Technology,259.23,75.56,2024-11
2400,2024-11-04,West,Office Supplies,172.7,41.89,2024-11
2401,2024-11-04,South,Technology,702.36,92.61,2024-11
2402,2024-11-04,Central,Office Supplies,211.63,34.22,2024-11
2403,2024-11-04,Central,Office Supplies,182.8,39.94,2024-11
2404,2024-11-04,Central,Office Supplies,97.8,26.91,2024-11
2405,2024-11-04,East,Furniture,430.31,106.78,2024-11
2406,2024-11-04,South,Office Supplies,66.46,10.46,2024-11
2407,2024-11-05,South,Technology,363.77,56.44,2024-11
2408,2024-11-05,South,Office Supplies,155.83,25.88,2024-11
2409,2024-11-05,West,Furniture,253.82,61.21,2024-11
2410,2024-11-05,Central,Furniture,275.38,50.17,2024-11
2411,2024-11-05,West,Technology,319.47,57.32,2024-11
2412,2024-11-05,Central,Furniture,187.6,35.89,2024-11
2413,2024-11-05,South,Furniture,209.77,34.2,2024-11
2414,2024-11-05,South,Office Supplies,119.82,31.79,2024-11
2415,2024-11-06,East,Furniture,274.67,29.81,2024-11
2416,2024-11-06,Central,Furniture,243.65,33.5,2024-11
2417,2024-11-06,Central,Furniture,204.69,42.07,2024-11
2418,2024-11-06,East,Furniture,271.39,47.53,2024-11
2419,2024-11-06,Central,Office Supplies,104.97,20.73,2024-11
2420,2024-11-06,South,Furniture,270.42,40.24,2024-11
2421,2024-11-06,Central,Furniture,351.69,79.15,2024-11
2422,2024-11-06,East,Furniture,167.49,23.13,2024-11
2423,2024-11-07,West,Furniture,173.77,31.1,2024-11
2424,2024-11-07,Central,Technology,440.75,50.25,2024-11
2425,2024-11-07,South,Technology,437.56,83.45,2024-11
2426,2024-11-07,South,Office Supplies,178.67,35.11,2024-11
2427,2024-11-07,Central,Technology,263.96,35.7,2024-11
2428,2024-11-07,East,Office Supplies,128.44,20.9,2024-11
2429,2024-11-07,Central,Furniture,311.84,34.99,2024-11
2430,2024-11-08,West,Furniture,190.76,30.77,2024-11
2431,2024-11-08,South,Furniture,168.93,25.9,2024-11
2432,2024-11-08,Central,Furniture,242.78,23.0,2024-11
2433,2024-11-08,Central,Furniture,202.49,29.39,2024-11
2434,2024-11-08,South,Office Supplies,59.67,12.38,2024-11
2435,2024-11-08,West,Furniture,246.9,37.94,2024-11
2436,2024-11-08,West,Furniture,392.22,43.9,2024-11
2437,2024-11-08,South,Technology,636.92,106.38,2024-11
2438,2024-11-08,East,Office Supplies,87.61,13.57,2024-11
2439,2024-11-08,West,Furniture,214.39,58.43,2024-11
2440,2024-11-08,West,Furniture,271.69,34.36,2024-11
2441,2024-11-08,South,Furniture,310.1,49.64,2024-11
2442,2024-11-09,Central,Technology,496.06,54.27,2024-11
2443,2024-11-09,West,Technology,544.62,60.56,2024-11
2444,2024-11-09,South,Office Supplies,121.17,17.24,2024-11
2445,2024-11-09,West,Office Supplies,119.14,25.26,2024-11
2446,2024-11-09,West,Office Supplies,108.39,17.1,2024-11
2447,2024-11-09,South,Office Supplies,165.92,36.14,2024-11
2448,2024-11-09,South,Furniture,258.01,56.06,2024-11
2449,2024-11-09,Central,Office Supplies,105.11,16.05,2024-11
2450,2024-11-10,Central,Technology,633.14,108.31,2024-11
2451,2024-11-10,South,Office Supplies,115.91,25.38,2024-11
2452,2024-11-10,East,Furniture,197.97,31.45,2024-11
2453,2024-11-10,Central,Furniture,278.46,66.54,2024-11
2454,2024-11-10,West,Technology,235.05,47.4,2024-11
2455,2024-11-10,Central,Technology,551.83,93.48,2024-11
2456,2024-11-10,East,Furniture,245.11,43.16,2024-11
2457,2024-11-10,East,Technology,381.29,53.83,2024-11
2458,2024-11-10,West,Technology,375.58,53.57,2024-11
2459,2024-11-10,Central,Office Supplies,143.29,14.16,2024-11
2460,2024-11-11,Central,Furniture,173.16,22.64,2024-11
2461,2024-11-11,South,Office Supplies,126.88,18.13,2024-11
2462,2024-11-11,East,Office Supplies,110.56,25.84,2024-11
2463,2024-11-11,South,Office Supplies,181.13,27.28,2024-11
2464,2024-11-11,East,Furniture,233.67,67.43,2024-11
2465,2024-11-11,Central,Technology,602.21,58.04,2024-11
2466,2024-11-11,West,Technology,515.7,73.62,2024-11
2467,2024-11-11,West,Furniture,199.96,44.14,2024-11
2468,2024-11-11,West,Furniture,93.46,21.53,2024-11
2469,2024-11-11,Central,Furniture,361.22,59.11,2024-11
2470,2024-11-11,South,Furniture,379.02,75.97,2024-11
2471,2024-11-11,West,Office Supplies,73.16,13.44,2024-11
2472,2024-11-11,East,Furniture,192.66,36.56,2024-11
2473,2024-11-12,Central,Office Supplies,157.34,41.93,2024-11
2474,2024-11-12,East,Technology,585.27,104.38,2024-11
2475,2024-11-12,West,Technology,10.0,2.6,2024-11
2476,2024-11-12,Central,Technology,391.35,73.64,2024-11
2477,2024-11-12,Central,Furniture,135.63,25.68,2024-11
2478,2024-11-13,South,Technology,315.68,48.16,2024-11
2479,2024-11-13,West,Office Supplies,144.64,26.42,2024-11
2480,2024-11-13,West,Office Supplies,140.48,37.25,2024-11
2481,2024-11-13,South,Office Supplies,133.23,28.14,2024-11
2482,2024-11-13,Central,Furniture,337.72,49.03,2024-11
2483,2024-11-13,West,Office Supplies,150.4,22.77,2024-11
2484,2024-11-13,East,Technology,228.2,45.67,2024-11
2485,2024-11-13,West,Furniture,150.93,17.01,2024-11
2486,2024-11-14,West,Office Supplies,158.62,37.32,2024-11
2487,2024-11-14,East,Office Supplies,56.04,4.62,2024-11
2488,2024-11-14,West,Office Supplies,73.6,9.04,2024-11
2489,2024-11-14,East,Office Supplies,39.39,8.79,2024-11
2490,2024-11-14,Central,Office Supplies,167.91,4.21,2024-11
2491,2024-11-15,Central,Technology,436.68,98.98,2024-11
2492,2024-11-15,South,Furniture,218.35,41.25,2024-11
2493,2024-11-15,West,Office Supplies,152.08,24.41,2024-11
2494,2024-11-15,East,Office Supplies,162.14,33.63,2024-11
2495,2024-11-15,South,Technology,515.56,48.3,2024-11
2496,2024-11-15,East,Furniture,225.45,33.64,2024-11
2497,2024-11-15,South,Furniture,82.63,22.22,2024-11
2498,2024-11-15,West,Technology,526.96,56.6,2024-11
2499,2024-11-16,East,Technology,468.16,123.53,2024-11
2500,2024-11-16,West,Technology,494.57,103.3,2024-11
2501,2024-11-16,South,Office Supplies,166.39,28.89,2024-11
2502,2024-11-16,South,Furniture,306.16,49.25,2024-11
2503,2024-11-16,West,Furniture,243.33,23.58,2024-11
2504,2024-11-17,East,Furniture,276.51,41.63,2024-11
2505,2024-11-17,East,Technology,386.8,73.13,2024-11
2506,2024-11-17,West,Furniture,264.3,49.28,2024-11
2507,2024-11-17,South,Office Supplies,105.15,20.12,2024-11
2508,2024-11-17,East,Technology,581.62,102.38,2024-11
2509,2024-11-17,South,Technology,430.02,75.33,2024-11
2510,2024-11-17,East,Furniture,358.27,59.87,2024-11
2511,2024-11-18,East,Office Supplies,96.76,14.64,2024-11
2512,2024-11-18,East,Office Supplies,133.28,33.1,2024-11
2513,2024-11-18,South,Office Supplies,165.97,40.14,2024-11
2514,2024-11-18,West,Office Supplies,89.82,19.69,2024-11
2515,2024-11-18,Central,Furniture,311.97,68.25,2024-11
2516,2024-11-18,South,Furniture,415.31,74.99,2024-11
2517,2024-11-18,East,Office Supplies,209.68,34.21,2024-11
2518,2024-11-18,East,Furniture,193.57,27.78,2024-11
2519,2024-11-18,East,Office Supplies,87.02,24.14,2024-11
2520,2024-11-19,East,Furniture,353.01,95.91,2024-11
2521,2024-11-19,South,Technology,152.0,18.01,2024-11
2522,2024-11-19,West,Furniture,223.7,35.27,2024-11
2523,2024-11-19,West,Technology,430.7,78.29,2024-11
2524,2024-11-19,West,Office Supplies,78.3,11.94,2024-11
2525,2024-11-20,West,Furniture,99.53,16.29,2024-11
2526,2024-11-20,West,Furniture,276.32,49.12,2024-11
2527,2024-11-20,West,Technology,486.64,114.97,2024-11
2528,2024-11-20,South,Furniture,273.95,49.03,2024-11
2529,2024-11-20,Central,Technology,458.01,89.52,2024-11
2530,2024-11-20,Central,Technology,512.82,93.44,2024-11
2531,2024-11-21,South,Technology,471.07,110.71,2024-11
2532,2024-11-21,West,Furniture,270.09,38.83,2024-11
2533,2024-11-21,West,Office Supplies,116.71,18.0,2024-11
2534,2024-11-21,East,Technology,332.78,60.4,2024-11
2535,2024-11-21,East,Office Supplies,108.53,26.83,2024-11
2536,2024-11-21,Central,Technology,212.22,43.91,2024-11
2537,2024-11-21,Central,Office Supplies,150.85,37.88,2024-11
2538,2024-11-21,South,Furniture,254.67,53.84,2024-11
2539,2024-11-22,East,Technology,586.21,79.51,2024-11
2540,2024-11-22,West,Office Supplies,66.31,8.12,2024-11
2541,2024-11-22,West,Furniture,209.03,48.34,2024-11
2542,2024-11-22,West,Technology,834.47,140.33,2024-11
2543,2024-11-22,South,Technology,385.51,44.77,2024-11
2544,2024-11-22,South,Office Supplies,70.26,10.9,2024-11
2545,2024-11-23,West,Technology,206.71,41.47,2024-11
2546,2024-11-23,South,Technology,473.52,28.68,2024-11
2547,2024-11-23,South,Technology,283.19,41.19,2024-11
2548,2024-11-23,East,Office Supplies,118.4,20.07,2024-11
2549,2024-11-23,East,Office Supplies,93.16,11.74,2024-11
2550,2024-11-23,South,Office Supplies,87.63,22.44,2024-11
2551,2024-11-23,Central,Office Supplies,93.03,7.32,2024-11
2552,2024-11-23,Central,Technology,404.82,59.87,2024-11
2553,2024-11-24,East,Office Supplies,119.16,13.77,2024-11
2554,2024-11-24,West,Technology,599.26,97.97,2024-11
2555,2024-11-24,South,Technology,397.2,42.31,2024-11
2556,2024-11-24,West,Office Supplies,165.25,25.95,2024-11
2557,2024-11-24,West,Office Supplies,185.02,32.67,2024-11
2558,2024-11-24,East,Office Supplies,142.15,22.93,2024-11
2559,2024-11-24,West,Furniture,142.78,28.42,2024-11
2560,2024-11-24,West,Office Supplies,135.51,9.67,2024-11
2561,2024-11-25,West,Office Supplies,117.82,16.97,2024-11
2562,2024-11-25,South,Office Supplies,130.99,26.04,2024-11
2563,2024-11-25,West,Furniture,254.47,54.67,2024-11
2564,2024-11-25,South,Furniture,149.87,27.5,2024-11
2565,2024-11-25,East,Office Supplies,118.0,17.8,2024-11
2566,2024-11-25,West,Technology,449.12,53.2,2024-11
2567,2024-11-25,East,Office Supplies,87.4,28.11,2024-11
2568,2024-11-25,South,Technology,350.52,59.38,2024-11
2569,2024-11-25,West,Technology,456.46,93.81,2024-11
2570,2024-11-26,West,Technology,584.29,20.2,2024-11
2571,2024-11-26,West,Furniture,178.27,35.09,2024-11
2572,2024-11-26,South,Technology,483.45,64.05,2024-11
2573,2024-11-26,Central,Furniture,194.85,19.77,2024-11
2574,2024-11-26,Central,Office Supplies,185.4,35.11,2024-11
2575,2024-11-26,Central,Office Supplies,93.06,21.92,2024-11
2576,2024-11-26,South,Office Supplies,127.82,31.29,2024-11
2577,2024-11-26,East,Office Supplies,180.98,24.0,2024-11
2578,2024-11-26,West,Technology,564.64,133.67,2024-11
2579,2024-11-26,East,Technology,460.22,94.54,2024-11
2580,2024-11-26,West,Office Supplies,124.97,15.52,2024-11
2581,2024-11-26,East,Office Supplies,70.23,18.28,2024-11
2582,2024-11-26,West,Technology,425.87,71.38,2024-11
2583,2024-11-26,East,Furniture,299.86,43.84,2024-11
2584,2024-11-27,Central,Furniture,356.4,51.33,2024-11
2585,2024-11-27,South,Office Supplies,101.69,20.67,2024-11
2586,2024-11-27,South,Office Supplies,94.55,12.56,2024-11
2587,2024-11-27,East,Office Supplies,143.71,17.52,2024-11
2588,2024-11-27,South,Furniture,454.14,111.17,2024-11
2589,2024-11-28,Central,Furniture,153.19,28.35,2024-11
2590,2024-11-28,South,Technology,323.8,40.84,2024-11
2591,2024-11-28,Central,Furniture,137.87,19.65,2024-11
2592,2024-11-28,South,Technology,492.86,152.85,2024-11
2593,2024-11-28,South,Technology,466.86,62.62,2024-11
2594,2024-11-28,West,Furniture,219.43,49.4,2024-11
2595,2024-11-28,South,Office Supplies,106.79,26.3,2024-11
2596,2024-11-29,East,Office Supplies,20.09,5.09,2024-11
2597,2024-11-29,Central,Office Supplies,182.94,39.65,2024-11
2598,2024-11-29,East,Office Supplies,150.18,25.83,2024-11
2599,2024-11-29,West,Office Supplies,116.51,27.36,2024-11
2600,2024-11-29,West,Technology,275.58,62.04,2024-11
2601,2024-11-29,East,Office Supplies,58.85,16.78,2024-11
2602,2024-11-30,West,Furniture,385.45,57.27,2024-11
2603,2024-11-30,South,Technology,414.2,58.95,2024-11
2604,2024-11-30,West,Technology,386.34,37.02,2024-11
2605,2024-11-30,West,Furniture,134.05,38.24,2024-11
2606,2024-11-30,West,Office Supplies,120.7,19.52,2024-11
2607,2024-11-30,West,Furniture,153.39,20.26,2024-11
2608,2024-11-30,West,Furniture,420.79,77.38,2024-11
2609,2024-11-30,Central,Technology,555.94,22.24,2024-11
2610,2024-11-30,South,Office Supplies,95.99,25.74,2024-11
2611,2024-11-30,West,Technology,329.56,42.62,2024-11
2612,2024-12-01,East,Office Supplies,120.53,28.55,2024-12
2613,2024-12-01,Central,Office Supplies,99.4,21.77,2024-12
2614,2024-12-01,Central,Furniture,346.72,78.12,2024-12
2615,2024-12-01,East,Office Supplies,78.22,13.2,2024-12
2616,2024-12-01,West,Furniture,91.96,10.49,2024-12
2617,2024-12-01,Central,Technology,359.56,65.89,2024-12
2618,2024-12-01,South,Office Supplies,134.84,15.26,2024-12
2619,2024-12-01,West,Office Supplies,113.52,25.88,2024-12
2620,2024-12-01,East,Technology,432.81,89.47,2024-12
2621,2024-12-01,West,Furniture,255.73,36.37,2024-12
2622,2024-12-01,East,Furniture,156.41,26.38,2024-12
2623,2024-12-01,East,Furniture,307.86,41.48,2024-12
2624,2024-12-02,West,Office Supplies,54.05,13.86,2024-12
2625,2024-12-02,East,Technology,588.92,83.08,2024-12
2626,2024-12-02,West,Office Supplies,162.23,54.08,2024-12
2627,2024-12-02,West,Technology,250.62,43.6,2024-12
2628,2024-12-02,West,Furniture,503.28,93.6,2024-12
2629,2024-12-03,West,Furniture,98.31,7.23,2024-12
2630,2024-12-03,West,Office Supplies,137.05,21.24,2024-12
2631,2024-12-03,West,Office Supplies,145.13,28.53,2024-12
2632,2024-12-03,South,Office Supplies,122.95,7.08,2024-12
2633,2024-12-03,Central,Technology,365.75,50.44,2024-12
2634,2024-12-03,Central,Office Supplies,81.36,7.57,2024-12
2635,2024-12-03,Central,Technology,194.44,34.66,2024-12
2636,2024-12-03,East,Furniture,396.2,114.99,2024-12
2637,2024-12-03,East,Office Supplies,83.25,18.63,2024-12
2638,2024-12-04,East,Office Supplies,119.91,11.57,2024-12
2639,2024-12-04,Central,Office Supplies,89.98,12.47,2024-12
2640,2024-12-04,Central,Office Supplies,166.2,29.13,2024-12
2641,2024-12-04,South,Office Supplies,81.81,17.23,2024-12
2642,2024-12-04,Central,Furniture,224.28,42.62,2024-12
2643,2024-12-04,South,Furniture,234.72,67.57,2024-12
2644,2024-12-04,West,Office Supplies,128.04,27.75,2024-12
2645,2024-12-04,South,Office Supplies,165.98,29.18,2024-12
2646,2024-12-04,West,Office Supplies,177.02,39.71,2024-12
2647,2024-12-04,Central,Furniture,72.7,10.31,2024-12
2648,2024-12-04,West,Technology,390.45,71.16,2024-12
2649,2024-12-04,South,Office Supplies,94.0,18.89,2024-12
2650,2024-12-04,Central,Furniture,221.88,39.48,2024-12
2651,2024-12-04,East,Furniture,218.31,36.72,2024-12
2652,2024-12-04,Central,Furniture,162.09,31.84,2024-12
2653,2024-12-05,West,Furniture,391.41,50.53,2024-12
2654,2024-12-05,West,Office Supplies,106.22,16.52,2024-12
2655,2024-12-05,East,Technology,437.63,56.28,2024-12
2656,2024-12-05,West,Furniture,192.79,55.15,2024-12
2657,2024-12-05,West,Office Supplies,38.95,6.84,2024-12
2658,2024-12-05,Central,Office Supplies,118.62,18.65,2024-12
2659,2024-12-05,East,Furniture,344.25,65.03,2024-12
2660,2024-12-06,East,Technology,500.04,97.73,2024-12
2661,2024-12-06,East,Office Supplies,99.13,18.21,2024-12
2662,2024-12-06,West,Office Supplies,94.33,13.05,2024-12
2663,2024-12-06,Central,Office Supplies,103.23,23.26,2024-12
2664,2024-12-06,West,Technology,347.37,67.06,2024-12
2665,2024-12-06,East,Furniture,319.28,48.34,2024-12
2666,2024-12-06,Central,Technology,310.24,81.58,2024-12
2667,2024-12-06,Central,Technology,537.84,118.07,2024-12
2668,2024-12-07,West,Office Supplies,13.38,3.39,2024-12
2669,2024-12-07,West,Furniture,280.97,32.13,2024-12
2670,2024-12-07,Central,Furniture,275.67,43.27,2024-12
2671,2024-12-07,West,Technology,264.14,63.4,2024-12
2672,2024-12-07,West,Office Supplies,141.91,21.18,2024-12
2673,2024-12-07,West,Furniture,180.62,48.79,2024-12
2674,2024-12-07,West,Furniture,283.37,51.59,2024-12
2675,2024-12-07,East,Furniture,179.72,24.97,2024-12
2676,2024-12-07,West,Technology,698.51,149.09,2024-12
2677,2024-12-07,West,Office Supplies,117.77,13.01,2024-12
2678,2024-12-08,West,Office Supplies,98.05,10.54,2024-12
2679,2024-12-08,South,Technology,343.14,45.52,2024-12
2680,2024-12-08,South,Technology,463.19,56.02,2024-12
2681,2024-12-08,South,Office Supplies,115.77,15.36,2024-12
2682,2024-12-08,West,Office Supplies,106.23,18.9,2024-12
2683,2024-12-08,South,Office Supplies,145.64,25.96,2024-12
2684,2024-12-08,East,Furniture,196.49,43.11,2024-12
2685,2024-12-08,Central,Furniture,251.66,38.74,2024-12
2686,2024-12-09,East,Office Supplies,114.78,20.21,2024-12
2687,2024-12-09,East,Office Supplies,174.83,25.23,2024-12
2688,2024-12-09,West,Office Supplies,192.86,24.39,2024-12
2689,2024-12-09,West,Technology,386.28,85.17,2024-12
2690,2024-12-09,West,Office Supplies,147.51,28.98,2024-12
2691,2024-12-09,Central,Technology,542.45,85.09,2024-12
2692,2024-12-09,Central,Office Supplies,165.47,24.32,2024-12
2693,2024-12-09,South,Furniture,130.05,33.78,2024-12
2694,2024-12-09,South,Office Supplies,95.77,10.88,2024-12
2695,2024-12-09,Central,Furniture,308.93,58.11,2024-12
2696,2024-12-09,South,Furniture,280.34,45.74,2024-12
2697,2024-12-09,East,Furniture,293.42,74.57,2024-12
2698,2024-12-09,Central,Office Supplies,132.35,13.88,2024-12
2699,2024-12-10,West,Office Supplies,129.01,20.38,2024-12
2700,2024-12-10,West,Furniture,218.64,51.82,2024-12
2701,2024-12-10,Central,Furniture,444.29,76.09,2024-12
2702,2024-12-10,South,Office Supplies,141.93,35.61,2024-12
2703,2024-12-10,South,Office Supplies,150.16,24.51,2024-12
2704,2024-12-10,East,Furniture,240.03,43.07,2024-12
2705,2024-12-10,West,Furniture,380.91,88.33,2024-12
2706,2024-12-10,West,Furniture,335.0,67.73,2024-12
2707,2024-12-10,Central,Technology,430.16,73.86,2024-12
2708,2024-12-10,West,Furniture,145.43,31.21,2024-12
2709,2024-12-11,Central,Office Supplies,128.73,21.82,2024-12
2710,2024-12-11,East,Technology,518.06,69.95,2024-12
2711,2024-12-11,West,Furniture,345.28,47.74,2024-12
2712,2024-12-11,Central,Technology,554.24,69.13,2024-12
2713,2024-12-11,Central,Furniture,212.29,11.75,2024-12
2714,2024-12-11,West,Furniture,159.07,34.06,2024-12
2715,2024-12-11,Central,Technology,681.21,162.65,2024-12
2716,2024-12-11,East,Technology,512.25,53.91,2024-12
2717,2024-12-11,South,Office Supplies,102.56,27.21,2024-12
2718,2024-12-11,East,Technology,407.17,48.28,2024-12
2719,2024-12-11,Central,Office Supplies,102.35,7.79,2024-12
2720,2024-12-12,South,Furniture,294.93,81.43,2024-12
2721,2024-12-12,East,Technology,200.07,26.93,2024-12
2722,2024-12-12,South,Office Supplies,130.96,28.81,2024-12
2723,2024-12-12,Central,Technology,307.81,58.08,2024-12
2724,2024-12-12,West,Furniture,278.95,73.63,2024-12
2725,2024-12-12,South,Furniture,135.4,27.63,2024-12
2726,2024-12-12,Central,Office Supplies,154.98,32.45,2024-12
2727,2024-12-12,South,Furniture,363.6,45.68,2024-12
2728,2024-12-13,East,Technology,407.28,75.9,2024-12
2729,2024-12-13,West,Technology,532.05,107.63,2024-12
2730,2024-12-13,Central,Office Supplies,62.95,11.04,2024-12
2731,2024-12-13,West,Technology,443.34,91.84,2024-12
2732,2024-12-13,West,Furniture,236.31,36.02,2024-12
2733,2024-12-13,West,Office Supplies,162.21,26.01,2024-12
2734,2024-12-13,West,Furniture,306.8,69.34,2024-12
2735,2024-12-14,West,Office Supplies,219.47,48.9,2024-12
2736,2024-12-14,West,Furniture,321.41,76.76,2024-12
2737,2024-12-14,Central,Furniture,79.61,13.97,2024-12
2738,2024-12-14,East,Furniture,347.3,52.94,2024-12
2739,2024-12-14,South,Technology,189.03,35.41,2024-12
2740,2024-12-14,Central,Furniture,172.53,24.39,2024-12
2741,2024-12-14,West,Furniture,235.92,28.45,2024-12
2742,2024-12-15,Central,Furniture,168.86,24.74,2024-12
2743,2024-12-15,West,Furniture,256.25,43.39,2024-12
2744,2024-12-15,Central,Office Supplies,87.11,17.1,2024-12
2745,2024-12-15,West,Furniture,291.93,62.26,2024-12
2746,2024-12-15,East,Furniture,257.67,51.98,2024-12
2747,2024-12-15,South,Furniture,305.94,45.08,2024-12
2748,2024-12-15,Central,Office Supplies,206.84,54.93,2024-12
2749,2024-12-15,Central,Furniture,326.97,53.16,2024-12
2750,2024-12-15,West,Office Supplies,39.97,3.77,2024-12
2751,2024-12-15,South,Technology,361.66,96.22,2024-12
2752,2024-12-15,West,Office Supplies,112.78,15.0,2024-12
2753,2024-12-15,West,Technology,276.38,73.17,2024-12
2754,2024-12-16,South,Furniture,292.81,59.61,2024-12
2755,2024-12-16,East,Furniture,186.27,40.68,2024-12
2756,2024-12-16,Central,Furniture,268.19,47.67,2024-12
2757,2024-12-16,East,Office Supplies,92.8,15.17,2024-12
2758,2024-12-16,West,Office Supplies,158.82,33.09,2024-12
2759,2024-12-16,West,Furniture,201.34,37.74,2024-12
2760,2024-12-17,East,Technology,503.66,107.53,2024-12
2761,2024-12-17,South,Furniture,275.8,46.94,2024-12
2762,2024-12-17,East,Office Supplies,84.52,15.48,2024-12
2763,2024-12-17,West,Office Supplies,139.12,30.42,2024-12
2764,2024-12-17,Central,Office Supplies,91.32,14.79,2024-12
2765,2024-12-17,West,Furniture,221.24,24.26,2024-12
2766,2024-12-17,West,Furniture,357.5,103.72,2024-12
2767,2024-12-17,East,Technology,586.97,82.9,2024-12
2768,2024-12-17,West,Furniture,406.15,69.75,2024-12
2769,2024-12-17,West,Furniture,316.24,67.83,2024-12
2770,2024-12-17,South,Office Supplies,24.53,4.54,2024-12
2771,2024-12-18,East,Furniture,362.36,62.14,2024-12
2772,2024-12-18,West,Office Supplies,68.71,15.34,2024-12
2773,2024-12-18,East,Furniture,221.95,33.21,2024-12
2774,2024-12-18,Central,Furniture,229.05,38.1,2024-12
2775,2024-12-18,Central,Office Supplies,52.38,10.29,2024-12
2776,2024-12-18,West,Furniture,277.06,46.92,2024-12
2777,2024-12-18,South,Office Supplies,129.68,27.71,2024-12
2778,2024-12-18,East,Technology,441.24,65.15,2024-12
2779,2024-12-18,West,Office Supplies,84.14,23.4,2024-12
2780,2024-12-18,West,Furniture,277.99,48.5,2024-12
2781,2024-12-18,Central,Office Supplies,143.06,21.96,2024-12
2782,2024-12-19,West,Furniture,115.51,33.41,2024-12
2783,2024-12-19,West,Furniture,272.59,45.13,2024-12
2784,2024-12-19,South,Furniture,383.54,83.76,2024-12
2785,2024-12-19,West,Office Supplies,133.33,25.03,2024-12
2786,2024-12-19,East,Furniture,280.72,69.85,2024-12
2787,2024-12-20,Central,Furniture,157.05,27.2,2024-12
2788,2024-12-20,South,Office Supplies,119.56,27.12,2024-12
2789,2024-12-20,South,Technology,498.08,92.73,2024-12
2790,2024-12-20,West,Office Supplies,124.47,19.03,2024-12
2791,2024-12-20,Central,Technology,374.15,45.69,2024-12
2792,2024-12-21,West,Furniture,253.64,48.56,2024-12
2793,2024-12-21,West,Office Supplies,66.02,8.03,2024-12
2794,2024-12-21,East,Office Supplies,24.76,6.87,2024-12
2795,2024-12-21,South,Furniture,75.97,13.79,2024-12
2796,2024-12-21,East,Technology,489.59,63.45,2024-12
2797,2024-12-21,West,Office Supplies,169.28,30.48,2024-12
2798,2024-12-21,Central,Furniture,392.81,52.51,2024-12
2799,2024-12-21,South,Furniture,231.61,35.73,2024-12
2800,2024-12-22,East,Furniture,316.6,67.62,2024-12
2801,2024-12-22,East,Technology,185.31,27.86,2024-12
2802,2024-12-22,Central,Technology,446.83,85.77,2024-12
2803,2024-12-22,South,Furniture,227.1,40.41,2024-12
2804,2024-12-22,South,Furniture,214.66,47.82,2024-12
2805,2024-12-23,West,Furniture,153.51,24.29,2024-12
2806,2024-12-23,West,Technology,165.92,25.94,2024-12
2807,2024-12-23,Central,Furniture,277.9,26.97,2024-12
2808,2024-12-23,East,Office Supplies,185.49,32.94,2024-12
2809,2024-12-24,East,Office Supplies,134.72,33.57,2024-12
2810,2024-12-24,West,Office Supplies,148.76,11.06,2024-12
2811,2024-12-24,West,Office Supplies,145.65,28.75,2024-12
2812,2024-12-24,East,Technology,666.81,123.67,2024-12
2813,2024-12-24,South,Office Supplies,104.29,20.8,2024-12
2814,2024-12-24,East,Office Supplies,136.27,39.42,2024-12
2815,2024-12-24,West,Technology,559.13,77.18,2024-12
2816,2024-12-24,West,Office Supplies,137.82,24.14,2024-12
2817,2024-12-25,East,Office Supplies,113.73,11.83,2024-12
2818,2024-12-25,East,Office Supplies,100.11,17.39,2024-12
2819,2024-12-25,West,Office Supplies,132.26,23.98,2024-12
2820,2024-12-25,Central,Technology,398.4,81.89,2024-12
2821,2024-12-25,Central,Furniture,367.02,61.39,2024-12
2822,2024-12-25,West,Office Supplies,84.2,18.73,2024-12
2823,2024-12-25,South,Office Supplies,137.36,22.47,2024-12
2824,2024-12-26,South,Office Supplies,147.34,28.1,2024-12
2825,2024-12-26,East,Office Supplies,152.28,33.42,2024-12
2826,2024-12-26,West,Office Supplies,146.56,29.88,2024-12
2827,2024-12-26,Central,Office Supplies,117.66,20.04,2024-12
2828,2024-12-26,East,Furniture,238.2,42.09,2024-12
2829,2024-12-26,Central,Furniture,241.55,41.28,2024-12
2830,2024-12-26,Central,Technology,322.42,45.73,2024-12
2831,2024-12-26,East,Technology,413.78,59.03,2024-12
2832,2024-12-26,East,Furniture,272.31,65.27,2024-12
2833,2024-12-27,West,Furniture,190.2,44.78,2024-12
2834,2024-12-27,West,Technology,205.89,31.67,2024-12
2835,2024-12-27,West,Technology,374.24,76.82,2024-12
2836,2024-12-27,West,Furniture,294.68,66.88,2024-12
2837,2024-12-27,East,Office Supplies,257.93,56.53,2024-12
2838,2024-12-27,South,Office Supplies,114.77,25.64,2024-12
2839,2024-12-27,Central,Technology,384.1,41.34,2024-12
2840,2024-12-27,West,Office Supplies,62.88,10.65,2024-12
2841,2024-12-27,South,Technology,265.39,47.08,2024-12
2842,2024-12-27,Central,Office Supplies,154.22,25.4,2024-12
2843,2024-12-27,South,Office Supplies,46.17,9.63,2024-12
2844,2024-12-27,Central,Office Supplies,103.01,17.59,2024-12
2845,2024-12-27,West,Furniture,448.98,101.93,2024-12
2846,2024-12-27,Central,Office Supplies,170.12,28.23,2024-12
2847,2024-12-28,Central,Furniture,97.69,15.63,2024-12
2848,2024-12-28,East,Office Supplies,144.65,24.09,2024-12
2849,2024-12-28,Central,Office Supplies,95.36,17.53,2024-12
2850,2024-12-28,South,Office Supplies,120.6,22.86,2024-12
2851,2024-12-28,Central,Furniture,363.57,77.19,2024-12
2852,2024-12-28,Central,Technology,378.47,74.16,2024-12
2853,2024-12-28,Central,Furniture,10.0,1.76,2024-12
2854,2024-12-28,West,Office Supplies,136.79,19.97,2024-12
2855,2024-12-28,South,Technology,348.37,79.18,2024-12
2856,2024-12-28,West,Office Supplies,78.99,18.07,2024-12
2857,2024-12-28,Central,Office Supplies,190.67,31.06,2024-12
2858,2024-12-29,West,Office Supplies,111.16,18.23,2024-12
2859,2024-12-29,East,Technology,345.62,66.06,2024-12
2860,2024-12-29,East,Office Supplies,180.04,29.68,2024-12
2861,2024-12-29,South,Office Supplies,143.27,21.39,2024-12
2862,2024-12-29,South,Office Supplies,72.61,17.66,2024-12
2863,2024-12-29,West,Office Supplies,128.13,27.18,2024-12
2864,2024-12-29,Central,Furniture,264.28,28.17,2024-12
2865,2024-12-29,East,Office Supplies,159.45,23.35,2024-12
2866,2024-12-29,South,Office Supplies,140.85,17.75,2024-12
2867,2024-12-30,East,Technology,333.36,71.34,2024-12
2868,2024-12-30,West,Furniture,250.51,56.36,2024-12
2869,2024-12-30,Central,Office Supplies,63.27,16.29,2024-12
2870,2024-12-30,West,Office Supplies,51.45,11.11,2024-12
2871,2024-12-31,East,Office Supplies,188.88,29.24,2024-12
2872,2024-12-31,East,Office Supplies,112.0,21.79,2024-12
2873,2024-12-31,East,Furniture,278.62,52.31,2024-12
2874,2024-12-31,East,Office Supplies,128.29,23.82,2024-12
2875,2024-12-31,Central,Technology,221.75,25.3,2024-12
2876,2024-12-31,West,Office Supplies,154.76,34.38,2024-12
2877,2025-01-01,East,Technology,451.65,81.56,2025-01
2878,2025-01-01,East,Office Supplies,161.24,25.55,2025-01
2879,2025-01-01,West,Furniture,219.51,50.42,2025-01
2880,2025-01-01,East,Office Supplies,67.56,14.81,2025-01
2881,2025-01-01,West,Furniture,379.52,77.97,2025-01
2882,2025-01-02,West,Technology,423.15,61.21,2025-01
2883,2025-01-02,West,Office Supplies,108.3,21.41,2025-01
2884,2025-01-02,East,Office Supplies,85.05,10.7,2025-01
2885,2025-01-02,Central,Furniture,204.53,10.45,2025-01
2886,2025-01-02,West,Technology,588.53,116.92,2025-01
2887,2025-01-03,West,Technology,607.02,131.12,2025-01
2888,2025-01-03,West,Office Supplies,83.87,11.67,2025-01
2889,2025-01-03,Central,Office Supplies,72.16,16.26,2025-01
2890,2025-01-03,Central,Office Supplies,52.94,11.49,2025-01
2891,2025-01-03,Central,Technology,277.19,35.25,2025-01
2892,2025-01-03,Central,Office Supplies,163.46,38.87,2025-01
2893,2025-01-03,West,Office Supplies,91.8,14.32,2025-01
2894,2025-01-03,Central,Furniture,347.58,57.46,2025-01
2895,2025-01-03,East,Furniture,178.66,39.42,2025-01
2896,2025-01-03,Central,Furniture,220.91,43.52,2025-01
2897,2025-01-03,Central,Furniture,247.13,35.04,2025-01
2898,2025-01-03,East,Office Supplies,89.71,10.76,2025-01
2899,2025-01-04,West,Office Supplies,171.95,26.27,2025-01
2900,2025-01-04,East,Office Supplies,184.8,21.89,2025-01
2901,2025-01-04,South,Office Supplies,52.34,7.01,2025-01
2902,2025-01-04,East,Office Supplies,85.75,13.93,2025-01
2903,2025-01-04,West,Technology,550.98,71.69,2025-01
2904,2025-01-04,Central,Office Supplies,92.37,10.57,2025-01
2905,2025-01-05,West,Technology,317.82,62.48,2025-01
2906,2025-01-05,East,Technology,423.29,102.36,2025-01
2907,2025-01-05,Central,Office Supplies,198.24,29.44,2025-01
2908,2025-01-05,East,Technology,498.26,123.03,2025-01
2909,2025-01-05,West,Furniture,402.07,52.77,2025-01
2910,2025-01-05,Central,Office Supplies,170.26,34.33,2025-01
2911,2025-01-05,East,Office Supplies,131.84,34.15,2025-01
2912,2025-01-05,Central,Office Supplies,82.29,14.73,2025-01
2913,2025-01-05,East,Office Supplies,113.57,22.81,2025-01
2914,2025-01-06,Central,Office Supplies,158.99,28.8,2025-01
2915,2025-01-06,South,Office Supplies,76.27,9.17,2025-01
2916,2025-01-06,East,Technology,334.94,65.11,2025-01
2917,2025-01-06,South,Office Supplies,200.68,36.6,2025-01
2918,2025-01-07,West,Office Supplies,143.25,33.69,2025-01
2919,2025-01-07,West,Office Supplies,181.48,44.59,2025-01
2920,2025-01-07,Central,Office Supplies,159.66,37.86,2025-01
2921,2025-01-07,South,Furniture,439.64,103.33,2025-01
2922,2025-01-07,South,Furniture,63.02,12.36,2025-01
2923,2025-01-07,West,Furniture,258.19,38.94,2025-01
2924,2025-01-07,West,Furniture,220.5,38.24,2025-01
2925,2025-01-08,West,Furniture,280.6,15.84,2025-01
2926,2025-01-08,South,Furniture,342.15,53.13,2025-01
2927,2025-01-08,Central,Furniture,247.93,59.7,2025-01
2928,2025-01-08,West,Technology,378.62,77.29,2025-01
2929,2025-01-08,East,Furniture,303.37,52.41,2025-01
2930,2025-01-08,South,Office Supplies,115.22,20.83,2025-01
2931,2025-01-08,East,Furniture,197.53,39.81,2025-01
2932,2025-01-08,South,Office Supplies,95.68,15.03,2025-01
2933,2025-01-08,Central,Technology,273.13,67.01,2025-01
2934,2025-01-08,Central,Furniture,139.29,38.21,2025-01
2935,2025-01-08,Central,Furniture,242.86,39.26,2025-01
2936,2025-01-08,South,Office Supplies,82.02,11.42,2025-01
2937,2025-01-09,Central,Furniture,271.46,33.63,2025-01
2938,2025-01-09,Central,Furniture,212.19,64.09,2025-01
2939,2025-01-09,Central,Furniture,324.94,58.26,2025-01
2940,2025-01-09,South,Technology,278.87,39.48,2025-01
2941,2025-01-09,West,Office Supplies,77.85,8.24,2025-01
2942,2025-01-09,Central,Technology,510.04,106.82,2025-01
2943,2025-01-09,East,Furniture,264.61,66.96,2025-01
2944,2025-01-09,Central,Furniture,315.37,35.93,2025-01
2945,2025-01-09,South,Technology,833.52,151.22,2025-01
2946,2025-01-09,South,Office Supplies,158.43,28.82,2025-01
2947,2025-01-09,Central,Technology,418.22,43.83,2025-01
2948,2025-01-10,West,Technology,546.21,191.96,2025-01
2949,2025-01-10,East,Technology,416.12,47.61,2025-01
2950,2025-01-10,South,Furniture,109.58,20.65,2025-01
2951,2025-01-10,Central,Office Supplies,175.03,39.07,2025-01
2952,2025-01-10,West,Office Supplies,149.63,28.85,2025-01
2953,2025-01-10,West,Furniture,147.9,11.72,2025-01
2954,2025-01-10,East,Office Supplies,230.26,39.5,2025-01
2955,2025-01-10,West,Office Supplies,97.74,18.07,2025-01
2956,2025-01-10,South,Office Supplies,81.86,13.01,2025-01
2957,2025-01-11,Central,Technology,391.18,79.86,2025-01
2958,2025-01-11,South,Office Supplies,128.66,20.03,2025-01
2959,2025-01-11,Central,Technology,569.37,50.95,2025-01
2960,2025-01-11,East,Furniture,253.17,36.39,2025-01
2961,2025-01-11,South,Furniture,124.34,23.21,2025-01
2962,2025-01-11,East,Office Supplies,126.64,17.97,2025-01
2963,2025-01-12,Central,Technology,307.33,61.45,2025-01
2964,2025-01-12,Central,Office Supplies,143.0,30.93,2025-01
2965,2025-01-12,Central,Office Supplies,143.8,33.57,2025-01
2966,2025-01-12,West,Office Supplies,126.6,23.22,2025-01
2967,2025-01-13,West,Office Supplies,167.93,34.31,2025-01
2968,2025-01-13,West,Furniture,357.55,85.89,2025-01
2969,2025-01-13,South,Furniture,256.12,61.14,2025-01
2970,2025-01-13,Central,Furniture,120.99,19.57,2025-01
2971,2025-01-13,West,Office Supplies,144.91,31.59,2025-01
2972,2025-01-13,Central,Office Supplies,137.5,24.31,2025-01
2973,2025-01-13,Central,Furniture,298.95,33.54,2025-01
2974,2025-01-13,West,Furniture,296.33,66.03,2025-01
2975,2025-01-14,West,Office Supplies,116.03,22.75,2025-01
2976,2025-01-14,East,Technology,463.73,87.4,2025-01
2977,2025-01-14,East,Furniture,10.0,1.45,2025-01
2978,2025-01-14,West,Technology,471.63,108.98,2025-01
2979,2025-01-14,East,Office Supplies,97.38,25.47,2025-01
2980,2025-01-14,South,Furniture,234.33,41.06,2025-01
2981,2025-01-14,Central,Office Supplies,82.15,12.75,2025-01
2982,2025-01-15,South,Office Supplies,105.38,7.1,2025-01
2983,2025-01-15,East,Furniture,230.32,34.23,2025-01
2984,2025-01-15,South,Furniture,269.03,49.31,2025-01
2985,2025-01-15,South,Office Supplies,101.95,15.87,2025-01
2986,2025-01-16,Central,Furniture,349.29,73.5,2025-01
2987,2025-01-16,West,Technology,335.6,73.59,2025-01
2988,2025-01-16,East,Furniture,301.04,49.26,2025-01
2989,2025-01-16,South,Furniture,472.43,49.37,2025-01
2990,2025-01-16,East,Office Supplies,136.14,11.24,2025-01
2991,2025-01-16,Central,Office Supplies,131.23,21.59,2025-01
2992,2025-01-16,Central,Technology,533.28,92.73,2025-01
2993,2025-01-16,South,Office Supplies,146.61,25.11,2025-01
2994,2025-01-16,Central,Technology,465.41,113.31,2025-01
2995,2025-01-16,East,Furniture,273.96,41.96,2025-01
2996,2025-01-16,Central,Furniture,224.87,19.47,2025-01
2997,2025-01-16,East,Technology,518.64,81.99,2025-01
2998,2025-01-16,South,Office Supplies,127.97,10.01,2025-01
2999,2025-01-16,West,Furniture,245.03,58.81,2025-01
3000,2025-01-16,South,Furniture,275.49,85.64,2025-01
3001,2025-01-16,West,Furniture,211.02,40.46,2025-01
3002,2025-01-17,East,Office Supplies,117.36,16.13,2025-01
3003,2025-01-17,South,Office Supplies,149.58,29.24,2025-01
3004,2025-01-17,East,Technology,628.85,182.12,2025-01
3005,2025-01-17,South,Office Supplies,103.01,23.54,2025-01
3006,2025-01-17,Central,Office Supplies,150.13,13.35,2025-01
3007,2025-01-17,East,Furniture,371.38,53.28,2025-01
3008,2025-01-17,South,Office Supplies,87.42,16.96,2025-01
3009,2025-01-18,West,Furniture,274.48,53.05,2025-01
3010,2025-01-18,Central,Office Supplies,125.09,21.25,2025-01
3011,2025-01-18,Central,Technology,507.39,104.98,2025-01
3012,2025-01-18,Central,Office Supplies,157.11,27.02,2025-01
3013,2025-01-18,Central,Office Supplies,110.02,17.2,2025-01
3014,2025-01-18,West,Furniture,263.03,27.42,2025-01
3015,2025-01-18,East,Technology,776.64,117.69,2025-01
3016,2025-01-18,East,Furniture,361.81,58.38,2025-01
3017,2025-01-18,Central,Furniture,129.22,27.3,2025-01
3018,2025-01-18,South,Technology,649.4,135.29,2025-01
3019,2025-01-18,South,Office Supplies,191.81,46.13,2025-01
3020,2025-01-18,South,Office Supplies,82.79,18.12,2025-01
3021,2025-01-18,West,Furniture,10.0,2.0,2025-01
3022,2025-01-18,South,Office Supplies,92.96,21.9,2025-01
3023,2025-01-19,East,Furniture,95.03,13.76,2025-01
3024,2025-01-19,Central,Technology,407.13,76.75,2025-01
3025,2025-01-19,West,Furniture,190.38,28.0,2025-01
3026,2025-01-19,West,Technology,483.94,66.29,2025-01
3027,2025-01-19,West,Office Supplies,107.65,13.52,2025-01
3028,2025-01-19,East,Office Supplies,124.39,21.49,2025-01
3029,2025-01-19,Central,Office Supplies,42.74,4.99,2025-01
3030,2025-01-19,East,Office Supplies,10.0,2.47,2025-01
3031,2025-01-19,Central,Technology,314.97,63.43,2025-01
3032,2025-01-19,Central,Furniture,169.45,43.35,2025-01
3033,2025-01-19,East,Technology,180.17,43.53,2025-01
3034,2025-01-19,East,Office Supplies,127.01,27.52,2025-01
3035,2025-01-19,South,Furniture,369.59,72.31,2025-01
3036,2025-01-19,West,Furniture,408.97,101.17,2025-01
3037,2025-01-19,Central,Technology,497.92,118.47,2025-01
3038,2025-01-20,West,Office Supplies,135.2,16.07,2025-01
3039,2025-01-20,West,Furniture,375.84,73.93,2025-01
3040,2025-01-20,East,Technology,483.8,104.95,2025-01
3041,2025-01-20,Central,Office Supplies,93.42,23.38,2025-01
3042,2025-01-20,South,Furniture,288.7,26.14,2025-01
3043,2025-01-20,West,Office Supplies,168.86,30.19,2025-01
3044,2025-01-20,West,Office Supplies,97.44,10.31,2025-01
3045,2025-01-21,West,Office Supplies,152.27,20.25,2025-01
3046,2025-01-21,West,Office Supplies,95.01,20.52,2025-01
3047,2025-01-21,South,Office Supplies,160.07,31.04,2025-01
3048,2025-01-21,South,Office Supplies,102.79,26.5,2025-01
3049,2025-01-21,West,Furniture,305.05,30.06,2025-01
3050,2025-01-21,Central,Technology,862.14,244.88,2025-01
3051,2025-01-21,Central,Office Supplies,155.59,29.8,2025-01
3052,2025-01-21,West,Office Supplies,120.18,18.66,2025-01
3053,2025-01-22,West,Furniture,336.97,71.74,2025-01
3054,2025-01-22,West,Office Supplies,89.12,24.7,2025-01
3055,2025-01-22,Central,Office Supplies,130.75,21.24,2025-01
3056,2025-01-22,Central,Office Supplies,99.85,14.41,2025-01
3057,2025-01-22,West,Furniture,308.53,46.34,2025-01
3058,2025-01-22,Central,Office Supplies,121.04,21.69,2025-01
3059,2025-01-22,East,Technology,309.38,46.14,2025-01
3060,2025-01-22,West,Furniture,149.76,33.69,2025-01
3061,2025-01-22,South,Office Supplies,142.23,25.44,2025-01
3062,2025-01-22,East,Office Supplies,87.22,18.81,2025-01
3063,2025-01-22,West,Office Supplies,144.8,35.56,2025-01
3064,2025-01-23,East,Technology,497.78,117.4,2025-01
3065,2025-01-23,West,Office Supplies,116.96,15.26,2025-01
3066,2025-01-23,East,Furniture,208.23,31.27,2025-01
3067,2025-01-23,East,Technology,67.14,14.44,2025-01
3068,2025-01-23,West,Office Supplies,111.48,19.76,2025-01
3069,2025-01-23,East,Furniture,213.16,39.33,2025-01
3070,2025-01-23,East,Office Supplies,190.68,20.14,2025-01
3071,2025-01-23,West,Technology,666.12,131.25,2025-01
3072,2025-01-23,South,Furniture,218.51,36.63,2025-01
3073,2025-01-23,East,Office Supplies,87.79,7.97,2025-01
3074,2025-01-23,South,Furniture,169.24,31.26,2025-01
3075,2025-01-23,West,Office Supplies,114.24,23.78,2025-01
3076,2025-01-23,East,Office Supplies,102.69,15.71,2025-01
3077,2025-01-23,Central,Furniture,451.92,64.54,2025-01
3078,2025-01-24,West,Furniture,321.6,53.16,2025-01
3079,2025-01-24,Central,Furniture,329.31,62.74,2025-01
3080,2025-01-24,Central,Furniture,214.82,46.67,2025-01
3081,2025-01-24,West,Office Supplies,124.66,11.62,2025-01
3082,2025-01-24,West,Office Supplies,151.35,26.98,2025-01
3083,2025-01-24,East,Furniture,388.75,88.56,2025-01
3084,2025-01-24,West,Office Supplies,132.09,22.01,2025-01
3085,2025-01-25,Central,Office Supplies,168.43,27.74,2025-01
3086,2025-01-25,East,Office Supplies,140.95,27.31,2025-01
3087,2025-01-25,South,Office Supplies,69.27,18.13,2025-01
3088,2025-01-25,West,Technology,379.18,77.36,2025-01
3089,2025-01-25,West,Technology,420.16,76.01,2025-01
3090,2025-01-25,West,Office Supplies,118.76,30.07,2025-01
3091,2025-01-25,South,Office Supplies,81.73,13.87,2025-01
3092,2025-01-25,West,Office Supplies,113.65,21.91,2025-01
3093,2025-01-25,West,Furniture,259.86,47.38,2025-01
3094,2025-01-26,West,Technology,418.12,70.19,2025-01
3095,2025-01-26,West,Office Supplies,132.68,20.48,2025-01
3096,2025-01-26,West,Furniture,316.87,88.29,2025-01
3097,2025-01-26,West,Office Supplies,155.89,22.89,2025-01
3098,2025-01-26,East,Furniture,311.78,71.07,2025-01
3099,2025-01-26,East,Furniture,290.62,60.57,2025-01
3100,2025-01-26,West,Office Supplies,120.84,15.3,2025-01
3101,2025-01-26,East,Office Supplies,118.04,16.53,2025-01
3102,2025-01-26,West,Office Supplies,114.49,18.14,2025-01
3103,2025-01-26,Central,Office Supplies,83.9,21.05,2025-01
3104,2025-01-26,West,Office Supplies,123.88,19.82,2025-01
3105,2025-01-26,South,Technology,10.0,1.08,2025-01
3106,2025-01-26,Central,Office Supplies,157.91,30.98,2025-01
3107,2025-01-27,West,Technology,425.65,38.51,2025-01
3108,2025-01-27,West,Furniture,268.19,42.93,2025-01
3109,2025-01-27,West,Technology,254.77,35.87,2025-01
3110,2025-01-27,Central,Technology,485.7,65.6,2025-01
3111,2025-01-27,East,Technology,10.0,1.54,2025-01
3112,2025-01-27,South,Technology,278.68,55.03,2025-01
3113,2025-01-27,West,Office Supplies,234.91,48.96,2025-01
3114,2025-01-28,East,Office Supplies,122.43,10.93,2025-01
3115,2025-01-28,Central,Office Supplies,129.65,17.11,2025-01
3116,2025-01-28,South,Furniture,289.54,63.52,2025-01
3117,2025-01-28,Central,Furniture,295.9,49.21,2025-01
3118,2025-01-28,West,Furniture,165.07,31.86,2025-01
3119,2025-01-28,Central,Office Supplies,132.49,26.44,2025-01
3120,2025-01-29,South,Furniture,287.36,42.32,2025-01
3121,2025-01-29,South,Office Supplies,80.65,9.16,2025-01
3122,2025-01-29,West,Furniture,302.09,33.14,2025-01
3123,2025-01-29,South,Furniture,286.46,46.04,2025-01
3124,2025-01-29,Central,Technology,368.61,62.46,2025-01
3125,2025-01-29,West,Office Supplies,224.19,34.78,2025-01
3126,2025-01-30,East,Office Supplies,102.47,23.52,2025-01
3127,2025-01-30,East,Technology,316.82,51.07,2025-01
3128,2025-01-30,West,Office Supplies,145.99,13.82,2025-01
3129,2025-01-30,West,Furniture,355.8,47.81,2025-01
3130,2025-01-30,Central,Furniture,287.88,36.91,2025-01
3131,2025-01-30,South,Furniture,146.75,28.92,2025-01
3132,2025-01-30,West,Furniture,204.72,51.21,2025-01
3133,2025-01-30,South,Office Supplies,97.42,21.55,2025-01
3134,2025-01-31,Central,Office Supplies,94.64,15.45,2025-01
3135,2025-01-31,Central,Furniture,296.31,48.96,2025-01
3136,2025-01-31,West,Office Supplies,139.32,26.83,2025-01
3137,2025-01-31,East,Office Supplies,53.7,12.25,2025-01
3138,2025-01-31,Central,Technology,198.38,33.68,2025-01
3139,2025-01-31,Central,Furniture,300.93,48.79,2025-01
3140,2025-01-31,East,Furniture,310.48,32.73,2025-01
3141,2025-02-01,Central,Furniture,208.57,26.27,2025-02
3142,2025-02-01,Central,Furniture,27.39,3.55,2025-02
3143,2025-02-01,East,Furniture,372.75,60.68,2025-02
3144,2025-02-01,Central,Technology,373.28,36.23,2025-02
3145,2025-02-01,West,Office Supplies,140.25,29.94,2025-02
3146,2025-02-01,South,Office Supplies,83.09,14.63,2025-02
3147,2025-02-01,South,Office Supplies,88.0,23.05,2025-02
3148,2025-02-01,West,Technology,327.36,45.28,2025-02
3149,2025-02-01,East,Technology,418.72,35.61,2025-02
3150,2025-02-02,West,Office Supplies,157.85,23.58,2025-02
3151,2025-02-02,West,Office Supplies,126.17,14.11,2025-02
3152,2025-02-02,West,Office Supplies,149.14,32.25,2025-02
3153,2025-02-02,West,Office Supplies,126.74,26.39,2025-02
3154,2025-02-02,East,Office Supplies,19.54,3.86,2025-02
3155,2025-02-02,East,Office Supplies,152.09,27.03,2025-02
3156,2025-02-02,West,Office Supplies,72.58,21.75,2025-02
3157,2025-02-02,East,Furniture,313.24,59.34,2025-02
3158,2025-02-03,South,Office Supplies,69.46,17.52,2025-02
3159,2025-02-03,Central,Furniture,239.06,36.58,2025-02
3160,2025-02-03,South,Technology,776.32,164.55,2025-02
3161,2025-02-03,East,Technology,487.4,115.63,2025-02
3162,2025-02-03,West,Technology,445.6,99.25,2025-02
3163,2025-02-03,West,Office Supplies,40.61,10.05,2025-02
3164,2025-02-04,West,Technology,289.96,68.65,2025-02
3165,2025-02-04,South,Furniture,247.74,42.22,2025-02
3166,2025-02-04,West,Office Supplies,139.91,28.06,2025-02
3167,2025-02-04,West,Office Supplies,96.3,18.21,2025-02
3168,2025-02-04,Central,Office Supplies,127.7,14.05,2025-02
3169,2025-02-04,East,Office Supplies,112.48,28.17,2025-02
3170,2025-02-04,East,Office Supplies,144.88,20.44,2025-02
3171,2025-02-05,West,Office Supplies,176.58,37.35,2025-02
3172,2025-02-05,Central,Office Supplies,140.45,32.83,2025-02
3173,2025-02-05,West,Office Supplies,147.33,29.28,2025-02
3174,2025-02-05,West,Furniture,261.43,56.43,2025-02
3175,2025-02-05,East,Office Supplies,86.59,18.49,2025-02
3176,2025-02-05,South,Office Supplies,106.42,23.09,2025-02
3177,2025-02-05,East,Office Supplies,158.98,20.73,2025-02
3178,2025-02-06,East,Technology,524.8,106.12,2025-02
3179,2025-02-06,East,Furniture,292.04,59.29,2025-02
3180,2025-02-06,Central,Furniture,315.47,61.86,2025-02
3181,2025-02-06,West,Office Supplies,85.63,14.93,2025-02
3182,2025-02-06,South,Technology,292.96,62.19,2025-02
3183,2025-02-06,Central,Office Supplies,134.15,31.42,2025-02
3184,2025-02-06,West,Furniture,147.89,35.54,2025-02
3185,2025-02-06,West,Office Supplies,28.85,3.82,2025-02
3186,2025-02-06,East,Office Supplies,76.73,14.6,2025-02
3187,2025-02-06,West,Office Supplies,97.65,17.76,2025-02
3188,2025-02-06,South,Furniture,156.66,30.05,2025-02
3189,2025-02-06,East,Office Supplies,83.69,16.21,2025-02
3190,2025-02-06,West,Office Supplies,120.93,14.28,2025-02
3191,2025-02-06,East,Furniture,105.96,19.76,2025-02
3192,2025-02-06,East,Office Supplies,129.62,26.08,2025-02
3193,2025-02-06,South,Technology,175.25,42.88,2025-02
3194,2025-02-06,East,Office Supplies,119.51,22.58,2025-02
3195,2025-02-06,Central,Office Supplies,38.3,4.07,2025-02
3196,2025-02-06,West,Office Supplies,142.85,28.3,2025-02
3197,2025-02-07,West,Office Supplies,166.1,17.72,2025-02
3198,2025-02-07,Central,Office Supplies,113.46,25.62,2025-02
3199,2025-02-07,East,Furniture,399.32,61.07,2025-02
3200,2025-02-07,East,Furniture,309.24,72.81,2025-02
3201,2025-02-07,Central,Technology,495.22,115.32,2025-02
3202,2025-02-07,West,Technology,208.35,40.82,2025-02
3203,2025-02-07,West,Office Supplies,110.38,22.22,2025-02
3204,2025-02-08,East,Furniture,192.64,39.48,2025-02
3205,2025-02-08,South,Office Supplies,72.88,15.66,2025-02
3206,2025-02-08,East,Office Supplies,183.26,36.1,2025-02
3207,2025-02-08,Central,Office Supplies,160.67,27.91,2025-02
3208,2025-02-08,Central,Technology,501.52,44.89,2025-02
3209,2025-02-09,Central,Furniture,275.91,41.55,2025-02
3210,2025-02-09,West,Office Supplies,130.99,25.19,2025-02
3211,2025-02-09,East,Office Supplies,156.57,34.0,2025-02
3212,2025-02-09,Central,Furniture,282.8,32.8,2025-02
3213,2025-02-09,Central,Furniture,277.07,42.06,2025-02
3214,2025-02-09,West,Furniture,211.11,29.07,2025-02
3215,2025-02-09,Central,Office Supplies,160.77,18.7,2025-02
3216,2025-02-09,East,Office Supplies,109.01,17.74,2025-02
3217,2025-02-10,East,Furniture,183.27,42.55,2025-02
3218,2025-02-10,West,Furniture,376.6,72.38,2025-02
3219,2025-02-10,Central,Office Supplies,130.35,18.85,2025-02
3220,2025-02-10,East,Office Supplies,172.75,36.06,2025-02
3221,2025-02-10,Central,Office Supplies,102.6,13.62,2025-02
3222,2025-02-11,South,Office Supplies,112.94,21.18,2025-02
3223,2025-02-11,South,Office Supplies,91.95,6.45,2025-02
3224,2025-02-11,South,Office Supplies,138.75,20.53,2025-02
3225,2025-02-11,Central,Furniture,262.38,45.58,2025-02
3226,2025-02-11,West,Office Supplies,194.55,35.33,2025-02
3227,2025-02-12,South,Office Supplies,99.97,14.91,2025-02
3228,2025-02-12,Central,Technology,289.06,39.73,2025-02
3229,2025-02-12,West,Office Supplies,165.34,35.48,2025-02
3230,2025-02-12,West,Office Supplies,36.89,4.42,2025-02
3231,2025-02-12,South,Technology,329.58,38.43,2025-02
3232,2025-02-12,West,Office Supplies,177.43,30.69,2025-02
3233,2025-02-12,Central,Office Supplies,138.22,29.11,2025-02
3234,2025-02-12,Central,Technology,272.43,36.56,2025-02
3235,2025-02-13,East,Furniture,124.22,30.61,2025-02
3236,2025-02-13,East,Furniture,149.75,17.66,2025-02
3237,2025-02-13,South,Office Supplies,157.96,39.46,2025-02
3238,2025-02-13,South,Furniture,402.97,91.83,2025-02
3239,2025-02-13,Central,Furniture,52.52,11.13,2025-02
3240,2025-02-13,Central,Office Supplies,88.78,18.27,2025-02
3241,2025-02-13,South,Furniture,162.21,28.3,2025-02
3242,2025-02-14,South,Office Supplies,169.68,17.44,2025-02
3243,2025-02-14,West,Technology,479.25,74.68,2025-02
3244,2025-02-14,Central,Technology,285.49,53.39,2025-02
3245,2025-02-14,Central,Office Supplies,98.68,11.15,2025-02
3246,2025-02-14,Central,Office Supplies,79.89,13.08,2025-02
3247,2025-02-14,South,Technology,584.97,58.09,2025-02
3248,2025-02-15,West,Furniture,145.12,24.85,2025-02
3249,2025-02-15,Central,Office Supplies,96.6,14.3,2025-02
3250,2025-02-15,Central,Office Supplies,74.29,13.37,2025-02
3251,2025-02-15,South,Office Supplies,106.03,13.98,2025-02
3252,2025-02-15,South,Office Supplies,108.54,14.98,2025-02
3253,2025-02-15,East,Office Supplies,110.82,26.47,2025-02
3254,2025-02-15,West,Technology,632.31,174.2,2025-02
3255,2025-02-15,West,Office Supplies,41.04,10.23,2025-02
3256,2025-02-16,Central,Office Supplies,136.3,19.14,2025-02
3257,2025-02-16,West,Office Supplies,192.29,22.35,2025-02
3258,2025-02-16,Central,Office Supplies,83.59,15.39,2025-02
3259,2025-02-16,West,Office Supplies,158.93,27.91,2025-02
3260,2025-02-16,South,Technology,601.87,83.43,2025-02
3261,2025-02-16,West,Furniture,200.66,34.05,2025-02
3262,2025-02-16,West,Office Supplies,116.01,22.23,2025-02
3263,2025-02-16,South,Furniture,257.43,28.55,2025-02
3264,2025-02-16,Central,Furniture,229.25,24.15,2025-02
3265,2025-02-16,West,Office Supplies,67.83,12.35,2025-02
3266,2025-02-16,South,Furniture,326.36,70.5,2025-02
3267,2025-02-17,West,Office Supplies,191.46,42.55,2025-02
3268,2025-02-17,South,Technology,282.72,55.34,2025-02
3269,2025-02-17,West,Furniture,279.21,57.38,2025-02
3270,2025-02-17,Central,Office Supplies,69.86,12.66,2025-02
3271,2025-02-17,West,Furniture,183.99,37.71,2025-02
3272,2025-02-17,Central,Office Supplies,73.58,12.79,2025-02
3273,2025-02-17,West,Furniture,192.1,37.88,2025-02
3274,2025-02-17,South,Technology,482.93,66.45,2025-02
3275,2025-02-17,Central,Office Supplies,102.67,16.56,2025-02
3276,2025-02-17,East,Office Supplies,147.97,32.72,2025-02
3277,2025-02-17,South,Furniture,168.97,20.01,2025-02
3278,2025-02-18,Central,Office Supplies,142.06,35.23,2025-02
3279,2025-02-18,West,Technology,220.21,33.43,2025-02
3280,2025-02-18,Central,Office Supplies,93.98,3.67,2025-02
3281,2025-02-18,South,Office Supplies,111.07,18.39,2025-02
3282,2025-02-18,South,Office Supplies,109.51,22.61,2025-02
3283,2025-02-18,Central,Office Supplies,138.72,12.48,2025-02
3284,2025-02-18,Central,Office Supplies,135.72,26.93,2025-02
3285,2025-02-18,South,Technology,66.36,11.15,2025-02
3286,2025-02-18,South,Office Supplies,122.0,11.92,2025-02
3287,2025-02-18,East,Office Supplies,68.9,9.53,2025-02
3288,2025-02-19,South,Technology,387.96,74.96,2025-02
3289,2025-02-19,South,Office Supplies,103.24,21.14,2025-02
3290,2025-02-19,West,Technology,419.61,82.68,2025-02
3291,2025-02-19,Central,Furniture,318.26,80.6,2025-02
3292,2025-02-19,East,Furniture,277.86,42.29,2025-02
3293,2025-02-19,East,Office Supplies,150.55,11.59,2025-02
3294,2025-02-19,Central,Office Supplies,10.0,2.44,2025-02
3295,2025-02-19,West,Technology,233.15,32.2,2025-02
3296,2025-02-19,Central,Office Supplies,101.14,22.78,2025-02
3297,2025-02-19,Central,Furniture,112.5,13.8,2025-02
3298,2025-02-19,South,Technology,581.03,100.06,2025-02
3299,2025-02-19,Central,Technology,442.09,119.51,2025-02
3300,2025-02-19,East,Furniture,238.83,40.79,2025-02
3301,2025-02-19,West,Technology,444.8,102.23,2025-02
3302,2025-02-20,South,Furniture,156.45,24.73,2025-02
3303,2025-02-20,Central,Furniture,93.12,18.94,2025-02
3304,2025-02-20,East,Technology,305.07,44.34,2025-02
3305,2025-02-20,West,Office Supplies,102.82,10.65,2025-02
3306,2025-02-20,West,Technology,476.54,115.55,2025-02
3307,2025-02-20,West,Office Supplies,133.0,31.4,2025-02
3308,2025-02-20,Central,Office Supplies,45.1,9.65,2025-02
3309,2025-02-20,Central,Furniture,306.25,64.16,2025-02
3310,2025-02-20,South,Office Supplies,141.43,27.73,2025-02
3311,2025-02-20,Central,Furniture,423.14,46.75,2025-02
3312,2025-02-20,Central,Office Supplies,192.47,41.63,2025-02
3313,2025-02-21,South,Office Supplies,119.42,16.82,2025-02
3314,2025-02-21,East,Furniture,221.91,35.12,2025-02
3315,2025-02-21,East,Technology,339.14,31.95,2025-02
3316,2025-02-21,South,Office Supplies,182.93,40.8,2025-02
3317,2025-02-21,South,Technology,513.31,99.99,2025-02
3318,2025-02-21,West,Furniture,259.83,60.15,2025-02
3319,2025-02-21,South,Furniture,299.65,51.99,2025-02
3320,2025-02-21,East,Technology,674.14,149.94,2025-02
3321,2025-02-21,South,Technology,408.57,73.88,2025-02
3322,2025-02-21,Central,Technology,96.17,12.91,2025-02
3323,2025-02-21,Central,Furniture,105.48,16.24,2025-02
3324,2025-02-22,Central,Furniture,215.86,38.3,2025-02
3325,2025-02-22,West,Office Supplies,193.54,22.9,2025-02
3326,2025-02-22,West,Technology,272.47,66.98,2025-02
3327,2025-02-22,Central,Technology,361.21,54.52,2025-02
3328,2025-02-22,West,Office Supplies,42.14,8.41,2025-02
3329,2025-02-23,West,Technology,410.17,104.99,2025-02
3330,2025-02-23,East,Office Supplies,177.47,40.96,2025-02
3331,2025-02-23,West,Office Supplies,119.07,29.58,2025-02
3332,2025-02-23,South,Office Supplies,128.27,20.1,2025-02
3333,2025-02-23,East,Furniture,363.51,51.03,2025-02
3334,2025-02-23,West,Furniture,132.92,35.66,2025-02
3335,2025-02-23,South,Office Supplies,79.79,17.2,2025-02
3336,2025-02-23,Central,Office Supplies,200.01,30.42,2025-02
3337,2025-02-23,East,Office Supplies,115.96,24.72,2025-02
3338,2025-02-24,South,Office Supplies,102.16,24.52,2025-02
3339,2025-02-24,South,Office Supplies,136.2,18.22,2025-02
3340,2025-02-24,East,Office Supplies,127.76,13.65,2025-02
3341,2025-02-24,West,Office Supplies,154.02,19.22,2025-02
3342,2025-02-24,Central,Office Supplies,133.43,29.66,2025-02
3343,2025-02-24,Central,Furniture,237.97,44.23,2025-02
3344,2025-02-24,West,Office Supplies,158.35,31.55,2025-02
3345,2025-02-24,East,Office Supplies,110.58,15.38,2025-02
3346,2025-02-24,East,Technology,566.16,104.51,2025-02
3347,2025-02-25,East,Furniture,221.12,56.99,2025-02
3348,2025-02-25,Central,Office Supplies,154.44,35.11,2025-02
3349,2025-02-25,West,Furniture,163.38,27.69,2025-02
3350,2025-02-25,East,Technology,495.77,92.58,2025-02
3351,2025-02-25,West,Office Supplies,141.01,16.58,2025-02
3352,2025-02-25,East,Furniture,258.24,56.04,2025-02
3353,2025-02-26,West,Furniture,398.74,141.34,2025-02
3354,2025-02-26,East,Furniture,106.65,10.4,2025-02
3355,2025-02-26,West,Furniture,247.77,53.15,2025-02
3356,2025-02-26,South,Office Supplies,129.28,27.84,2025-02
3357,2025-02-26,South,Technology,314.05,55.42,2025-02
3358,2025-02-26,East,Furniture,218.14,25.45,2025-02
3359,2025-02-26,East,Furniture,77.27,11.32,2025-02
3360,2025-02-26,West,Office Supplies,142.9,27.01,2025-02
3361,2025-02-27,South,Technology,345.86,67.78,2025-02
3362,2025-02-27,East,Office Supplies,155.64,18.4,2025-02
3363,2025-02-27,Central,Furniture,302.32,57.74,2025-02
3364,2025-02-27,East,Office Supplies,98.01,7.59,2025-02
3365,2025-02-27,West,Office Supplies,120.56,35.9,2025-02
3366,2025-02-27,West,Office Supplies,56.26,6.47,2025-02
3367,2025-02-27,West,Furniture,270.02,31.15,2025-02
3368,2025-02-27,South,Furniture,311.16,58.44,2025-02
3369,2025-02-27,West,Technology,258.01,36.18,2025-02
3370,2025-02-28,South,Office Supplies,145.25,39.67,2025-02
3371,2025-02-28,East,Furniture,303.41,49.62,2025-02
3372,2025-02-28,East,Technology,654.56,124.11,2025-02
3373,2025-02-28,East,Furniture,168.37,25.02,2025-02
3374,2025-02-28,East,Furniture,192.41,54.83,2025-02
3375,2025-02-28,Central,Furniture,301.85,63.84,2025-02
3376,2025-02-28,East,Office Supplies,138.96,26.87,2025-02
3377,2025-02-28,East,Office Supplies,100.35,12.31,2025-02
3378,2025-03-01,Central,Office Supplies,121.15,23.76,2025-03
3379,2025-03-01,West,Office Supplies,139.92,11.4,2025-03
3380,2025-03-01,East,Furniture,325.46,52.32,2025-03
3381,2025-03-01,East,Office Supplies,118.28,22.8,2025-03
3382,2025-03-01,South,Furniture,316.0,77.41,2025-03
3383,2025-03-01,East,Office Supplies,174.84,18.6,2025-03
3384,2025-03-01,East,Furniture,251.01,29.32,2025-03
3385,2025-03-01,West,Furniture,180.19,44.56,2025-03
3386,2025-03-01,East,Furniture,396.29,80.64,2025-03
3387,2025-03-01,West,Office Supplies,128.73,26.3,2025-03
3388,2025-03-01,East,Office Supplies,172.32,35.04,2025-03
3389,2025-03-01,West,Furniture,148.15,25.77,2025-03
3390,2025-03-02,West,Technology,360.63,60.24,2025-03
3391,2025-03-02,South,Technology,567.64,121.91,2025-03
3392,2025-03-02,West,Technology,251.76,17.86,2025-03
3393,2025-03-02,South,Office Supplies,115.45,17.69,2025-03
3394,2025-03-03,Central,Furniture,291.88,61.57,2025-03
3395,2025-03-03,Central,Technology,523.16,70.65,2025-03
3396,2025-03-03,Central,Furniture,354.8,70.11,2025-03
3397,2025-03-03,West,Furniture,151.58,15.59,2025-03
3398,2025-03-03,South,Furniture,249.33,46.91,2025-03
3399,2025-03-03,South,Office Supplies,86.79,15.99,2025-03
3400,2025-03-03,West,Furniture,273.49,63.72,2025-03
3401,2025-03-03,South,Office Supplies,120.43,24.61,2025-03
3402,2025-03-03,Central,Office Supplies,170.85,30.28,2025-03
3403,2025-03-03,Central,Technology,314.99,65.56,2025-03
3404,2025-03-03,Central,Furniture,403.28,89.18,2025-03
3405,2025-03-03,South,Furniture,354.7,57.14,2025-03
3406,2025-03-03,South,Office Supplies,107.18,22.96,2025-03
3407,2025-03-03,East,Furniture,289.79,62.23,2025-03
3408,2025-03-03,Central,Furniture,289.43,50.39,2025-03
3409,2025-03-03,East,Technology,386.84,68.88,2025-03
3410,2025-03-04,South,Office Supplies,137.16,4.55,2025-03
3411,2025-03-04,West,Office Supplies,127.37,24.46,2025-03
3412,2025-03-04,East,Office Supplies,148.31,32.01,2025-03
3413,2025-03-04,West,Office Supplies,119.99,32.35,2025-03
3414,2025-03-04,Central,Office Supplies,89.34,20.04,2025-03
3415,2025-03-04,East,Furniture,62.4,11.55,2025-03
3416,2025-03-04,Central,Furniture,48.81,9.2,2025-03
3417,2025-03-04,West,Office Supplies,141.92,23.57,2025-03
3418,2025-03-04,East,Office Supplies,123.04,27.04,2025-03
3419,2025-03-04,South,Furniture,10.0,1.58,2025-03
3420,2025-03-05,West,Office Supplies,183.43,30.76,2025-03
3421,2025-03-05,West,Furniture,305.67,60.33,2025-03
3422,2025-03-05,West,Office Supplies,100.46,15.26,2025-03
3423,2025-03-05,East,Office Supplies,121.67,26.67,2025-03
3424,2025-03-05,East,Furniture,382.65,41.58,2025-03
3425,2025-03-06,West,Furniture,350.88,51.03,2025-03
3426,2025-03-06,Central,Office Supplies,100.86,21.87,2025-03
3427,2025-03-06,South,Office Supplies,54.0,5.28,2025-03
3428,2025-03-06,East,Technology,345.22,46.8,2025-03
3429,2025-03-06,West,Furniture,313.0,49.96,2025-03
3430,2025-03-07,West,Furniture,200.24,45.72,2025-03
3431,2025-03-07,West,Furniture,408.63,54.36,2025-03
3432,2025-03-07,East,Office Supplies,63.37,16.31,2025-03
3433,2025-03-07,West,Furniture,264.97,49.46,2025-03
3434,2025-03-07,South,Office Supplies,48.75,9.65,2025-03
3435,2025-03-07,South,Office Supplies,168.61,40.04,2025-03
3436,2025-03-07,South,Furniture,308.48,38.11,2025-03
3437,2025-03-08,South,Furniture,10.0,2.79,2025-03
3438,2025-03-08,Central,Furniture,169.47,31.92,2025-03
3439,2025-03-08,East,Technology,462.96,54.65,2025-03
3440,2025-03-08,West,Technology,477.37,120.64,2025-03
3441,2025-03-08,East,Technology,503.55,88.25,2025-03
3442,2025-03-08,West,Office Supplies,123.91,21.29,2025-03
3443,2025-03-08,West,Office Supplies,96.72,12.51,2025-03
3444,2025-03-08,South,Office Supplies,102.82,19.64,2025-03
3445,2025-03-08,Central,Office Supplies,183.35,30.73,2025-03
3446,2025-03-08,East,Office Supplies,110.99,16.65,2025-03
3447,2025-03-08,East,Office Supplies,189.63,33.51,2025-03
3448,2025-03-08,West,Furniture,314.47,64.79,2025-03
3449,2025-03-09,West,Technology,631.71,97.76,2025-03
3450,2025-03-09,Central,Furniture,256.26,37.33,2025-03
3451,2025-03-09,Central,Technology,509.5,84.6,2025-03
3452,2025-03-09,West,Office Supplies,95.61,17.82,2025-03
3453,2025-03-09,East,Furniture,368.81,53.23,2025-03
3454,2025-03-09,East,Office Supplies,158.5,23.36,2025-03
3455,2025-03-09,Central,Technology,145.77,27.76,2025-03
3456,2025-03-10,South,Office Supplies,187.59,17.96,2025-03
3457,2025-03-10,East,Furniture,127.44,19.85,2025-03
3458,2025-03-10,East,Technology,183.75,59.48,2025-03
3459,2025-03-10,Central,Technology,246.29,47.54,2025-03
3460,2025-03-10,West,Office Supplies,75.05,16.49,2025-03
3461,2025-03-10,West,Office Supplies,166.33,28.64,2025-03
3462,2025-03-10,South,Office Supplies,189.84,46.52,2025-03
3463,2025-03-10,West,Furniture,274.28,45.81,2025-03
3464,2025-03-11,South,Technology,497.21,54.01,2025-03
3465,2025-03-11,South,Furniture,10.0,1.91,2025-03
3466,2025-03-11,West,Technology,314.54,53.99,2025-03
3467,2025-03-11,East,Furniture,389.79,57.21,2025-03
3468,2025-03-11,East,Office Supplies,73.56,16.35,2025-03
3469,2025-03-11,Central,Office Supplies,33.74,5.36,2025-03
3470,2025-03-11,Central,Technology,131.25,15.11,2025-03
3471,2025-03-11,West,Furniture,80.77,16.96,2025-03
3472,2025-03-12,West,Furniture,96.23,18.82,2025-03
3473,2025-03-12,West,Office Supplies,158.61,20.15,2025-03
3474,2025-03-13,West,Office Supplies,200.84,39.02,2025-03
3475,2025-03-13,Central,Office Supplies,44.58,5.29,2025-03
3476,2025-03-13,West,Office Supplies,133.96,28.53,2025-03
3477,2025-03-13,South,Office Supplies,123.28,23.86,2025-03
3478,2025-03-13,South,Furniture,259.42,38.8,2025-03
3479,2025-03-13,South,Office Supplies,124.64,13.23,2025-03
3480,2025-03-13,Central,Furniture,223.14,46.69,2025-03
3481,2025-03-14,South,Office Supplies,19.06,3.85,2025-03
3482,2025-03-14,West,Furniture,182.51,34.97,2025-03
3483,2025-03-14,Central,Furniture,253.29,41.23,2025-03
3484,2025-03-14,Central,Office Supplies,81.91,15.82,2025-03
3485,2025-03-14,West,Office Supplies,126.28,18.85,2025-03
3486,2025-03-14,South,Office Supplies,136.57,22.37,2025-03
3487,2025-03-14,West,Technology,396.46,55.79,2025-03
3488,2025-03-14,Central,Furniture,303.05,74.2,2025-03
3489,2025-03-15,West,Furniture,349.93,53.76,2025-03
3490,2025-03-15,West,Office Supplies,120.72,26.1,2025-03
3491,2025-03-15,West,Office Supplies,84.04,10.22,2025-03
3492,2025-03-15,South,Office Supplies,97.08,21.25,2025-03
3493,2025-03-15,West,Technology,273.66,42.67,2025-03
3494,2025-03-15,West,Office Supplies,121.11,22.94,2025-03
3495,2025-03-16,East,Furniture,127.12,19.17,2025-03
3496,2025-03-16,East,Office Supplies,156.13,22.96,2025-03
3497,2025-03-16,East,Technology,430.28,79.96,2025-03
3498,2025-03-16,East,Technology,504.48,113.53,2025-03
3499,2025-03-16,West,Office Supplies,170.15,43.62,2025-03
3500,2025-03-17,West,Office Supplies,152.72,34.32,2025-03
3501,2025-03-17,East,Office Supplies,135.41,24.53,2025-03
3502,2025-03-17,Central,Office Supplies,112.5,21.27,2025-03
3503,2025-03-17,East,Office Supplies,83.7,18.92,2025-03
3504,2025-03-17,Central,Technology,252.56,36.83,2025-03
3505,2025-03-17,East,Furniture,89.76,13.04,2025-03
3506,2025-03-18,East,Technology,360.58,77.58,2025-03
3507,2025-03-18,West,Office Supplies,112.81,20.82,2025-03
3508,2025-03-18,Central,Technology,457.01,76.85,2025-03
3509,2025-03-18,South,Furniture,179.49,39.35,2025-03
3510,2025-03-18,Central,Technology,516.17,67.83,2025-03
3511,2025-03-18,South,Office Supplies,134.96,24.67,2025-03
3512,2025-03-18,South,Office Supplies,45.64,8.89,2025-03
3513,2025-03-18,East,Office Supplies,187.9,8.54,2025-03
3514,2025-03-18,South,Office Supplies,79.05,15.32,2025-03
3515,2025-03-19,Central,Furniture,379.71,86.16,2025-03
3516,2025-03-19,West,Technology,550.63,103.13,2025-03
3517,2025-03-19,Central,Technology,382.99,52.47,2025-03
3518,2025-03-19,South,Office Supplies,101.46,22.79,2025-03
3519,2025-03-19,West,Technology,594.43,96.43,2025-03
3520,2025-03-19,East,Technology,611.34,123.31,2025-03
3521,2025-03-19,East,Office Supplies,116.29,19.75,2025-03
3522,2025-03-19,West,Furniture,179.67,37.6,2025-03
3523,2025-03-19,West,Office Supplies,191.92,33.31,2025-03
3524,2025-03-19,South,Furniture,164.69,35.88,2025-03
3525,2025-03-20,South,Office Supplies,123.26,24.47,2025-03
3526,2025-03-20,East,Furniture,148.97,17.88,2025-03
3527,2025-03-20,Central,Office Supplies,76.01,12.38,2025-03
3528,2025-03-20,East,Furniture,267.75,44.46,2025-03
3529,2025-03-21,South,Furniture,306.19,43.48,2025-03
3530,2025-03-21,Central,Furniture,163.3,24.44,2025-03
3531,2025-03-21,West,Technology,148.4,39.68,2025-03
3532,2025-03-21,Central,Technology,325.8,52.08,2025-03
3533,2025-03-21,South,Office Supplies,202.37,19.63,2025-03
3534,2025-03-21,Central,Technology,380.8,83.53,2025-03
3535,2025-03-22,West,Technology,635.16,90.68,2025-03
3536,2025-03-22,West,Furniture,122.19,22.76,2025-03
3537,2025-03-22,East,Office Supplies,198.9,35.76,2025-03
3538,2025-03-22,Central,Office Supplies,193.96,23.18,2025-03
3539,2025-03-22,Central,Office Supplies,144.41,26.91,2025-03
3540,2025-03-22,East,Technology,381.34,62.72,2025-03
3541,2025-03-22,West,Office Supplies,140.05,32.43,2025-03
3542,2025-03-22,West,Technology,399.63,97.62,2025-03
3543,2025-03-22,Central,Office Supplies,46.81,10.55,2025-03
3544,2025-03-22,West,Furniture,370.4,48.11,2025-03
3545,2025-03-23,East,Technology,343.39,58.8,2025-03
3546,2025-03-23,East,Furniture,296.42,44.13,2025-03
3547,2025-03-23,West,Technology,396.01,45.41,2025-03
3548,2025-03-23,Central,Office Supplies,150.07,28.29,2025-03
3549,2025-03-23,East,Office Supplies,63.1,13.73,2025-03
3550,2025-03-23,East,Office Supplies,60.98,12.91,2025-03
3551,2025-03-23,West,Office Supplies,126.39,25.2,2025-03
3552,2025-03-23,Central,Office Supplies,105.52,9.94,2025-03
3553,2025-03-23,South,Office Supplies,105.49,13.47,2025-03
3554,2025-03-24,South,Office Supplies,53.21,9.53,2025-03
3555,2025-03-24,East,Furniture,261.61,39.89,2025-03
3556,2025-03-24,Central,Office Supplies,169.64,26.34,2025-03
3557,2025-03-24,West,Furniture,236.84,35.42,2025-03
3558,2025-03-25,East,Furniture,338.18,52.97,2025-03
3559,2025-03-25,West,Technology,601.35,99.05,2025-03
3560,2025-03-25,South,Furniture,278.9,63.9,2025-03
3561,2025-03-25,South,Office Supplies,58.85,9.39,2025-03
3562,2025-03-25,East,Office Supplies,160.77,24.82,2025-03
3563,2025-03-25,Central,Furniture,158.52,20.63,2025-03
3564,2025-03-25,Central,Technology,471.16,116.47,2025-03
3565,2025-03-25,East,Office Supplies,148.77,22.37,2025-03
3566,2025-03-26,South,Technology,510.39,92.92,2025-03
3567,2025-03-26,East,Furniture,100.62,23.81,2025-03
3568,2025-03-26,West,Furniture,355.65,57.68,2025-03
3569,2025-03-26,Central,Technology,302.88,67.83,2025-03
3570,2025-03-26,West,Furniture,274.02,46.82,2025-03
3571,2025-03-26,Central,Furniture,290.64,47.09,2025-03
3572,2025-03-26,South,Furniture,354.16,58.74,2025-03
3573,2025-03-26,Central,Technology,523.1,95.19,2025-03
3574,2025-03-26,West,Furniture,280.0,75.86,2025-03
3575,2025-03-26,South,Furniture,207.65,45.73,2025-03
3576,2025-03-27,West,Furniture,237.13,48.25,2025-03
3577,2025-03-27,East,Technology,298.04,59.47,2025-03
3578,2025-03-27,South,Office Supplies,19.0,3.44,2025-03
3579,2025-03-27,South,Furniture,192.79,31.13,2025-03
3580,2025-03-27,Central,Office Supplies,64.37,13.24,2025-03
3581,2025-03-27,Central,Technology,561.36,85.79,2025-03
3582,2025-03-27,West,Technology,407.72,63.15,2025-03
3583,2025-03-27,South,Technology,335.29,31.49,2025-03
3584,2025-03-28,West,Furniture,309.88,58.29,2025-03
3585,2025-03-28,South,Office Supplies,107.83,26.04,2025-03
3586,2025-03-28,West,Technology,250.28,30.16,2025-03
3587,2025-03-28,South,Furniture,237.91,42.86,2025-03
3588,2025-03-28,West,Furniture,369.42,59.21,2025-03
3589,2025-03-28,West,Office Supplies,207.64,52.43,2025-03
3590,2025-03-28,South,Furniture,272.79,66.43,2025-03
3591,2025-03-29,West,Furniture,308.54,49.04,2025-03
3592,2025-03-29,East,Office Supplies,111.17,14.63,2025-03
3593,2025-03-29,South,Office Supplies,85.7,20.92,2025-03
3594,2025-03-29,South,Office Supplies,48.62,4.36,2025-03
3595,2025-03-29,South,Office Supplies,91.8,24.19,2025-03
3596,2025-03-29,East,Office Supplies,121.3,36.86,2025-03
3597,2025-03-29,Central,Furniture,221.76,47.75,2025-03
3598,2025-03-29,West,Technology,556.65,162.02,2025-03
3599,2025-03-30,South,Office Supplies,170.6,29.77,2025-03
3600,2025-03-30,Central,Office Supplies,155.57,23.99,2025-03
3601,2025-03-30,East,Furniture,196.46,27.38,2025-03
3602,2025-03-30,West,Office Supplies,148.43,18.69,2025-03
3603,2025-03-30,East,Furniture,322.06,58.25,2025-03
3604,2025-03-31,West,Furniture,293.11,48.3,2025-03
3605,2025-03-31,West,Furniture,171.38,28.53,2025-03
3606,2025-03-31,East,Furniture,367.49,61.18,2025-03
3607,2025-03-31,Central,Office Supplies,95.67,11.91,2025-03
3608,2025-03-31,South,Furniture,245.4,58.32,2025-03
3609,2025-03-31,South,Furniture,355.74,50.27,2025-03
3610,2025-03-31,Central,Furniture,263.29,38.36,2025-03
3611,2025-03-31,Central,Technology,350.69,61.89,2025-03
3612,2025-03-31,Central,Furniture,208.11,8.49,2025-03
3613,2025-03-31,East,Office Supplies,190.93,28.78,2025-03
3614,2025-03-31,Central,Furniture,192.21,27.11,2025-03
3615,2025-04-01,Central,Technology,169.57,30.3,2025-04
3616,2025-04-01,Central,Office Supplies,105.1,11.74,2025-04
3617,2025-04-01,Central,Furniture,314.16,76.97,2025-04
3618,2025-04-01,East,Technology,408.81,66.76,2025-04
3619,2025-04-01,Central,Technology,416.63,91.86,2025-04
3620,2025-04-01,West,Furniture,72.11,17.99,2025-04
3621,2025-04-01,Central,Office Supplies,92.44,18.04,2025-04
3622,2025-04-01,East,Furniture,254.79,38.19,2025-04
3623,2025-04-01,Central,Office Supplies,195.17,42.38,2025-04
3624,2025-04-01,West,Office Supplies,167.84,21.84,2025-04
3625,2025-04-01,East,Furniture,303.9,56.74,2025-04
3626,2025-04-01,Central,Technology,395.72,112.01,2025-04
3627,2025-04-02,West,Technology,681.25,119.05,2025-04
3628,2025-04-02,East,Furniture,237.88,12.28,2025-04
3629,2025-04-02,South,Technology,337.37,75.1,2025-04
3630,2025-04-02,South,Office Supplies,185.69,25.72,2025-04
3631,2025-04-02,East,Furniture,290.45,67.48,2025-04
3632,2025-04-02,West,Office Supplies,130.39,28.43,2025-04
3633,2025-04-02,West,Furniture,148.89,7.67,2025-04
3634,2025-04-02,West,Technology,623.67,139.0,2025-04
3635,2025-04-02,West,Furniture,299.54,68.4,2025-04
3636,2025-04-02,South,Office Supplies,107.54,14.0,2025-04
3637,2025-04-03,East,Furniture,330.86,84.41,2025-04
3638,2025-04-03,Central,Office Supplies,148.33,20.08,2025-04
3639,2025-04-03,South,Furniture,105.19,18.48,2025-04
3640,2025-04-03,East,Office Supplies,57.85,10.99,2025-04
3641,2025-04-03,West,Technology,709.16,102.36,2025-04
3642,2025-04-03,West,Furniture,387.35,37.72,2025-04
3643,2025-04-04,West,Office Supplies,234.6,26.23,2025-04
3644,2025-04-04,West,Office Supplies,36.12,6.68,2025-04
3645,2025-04-04,South,Office Supplies,136.78,23.6,2025-04
3646,2025-04-04,South,Technology,267.06,68.09,2025-04
3647,2025-04-04,West,Office Supplies,121.59,22.76,2025-04
3648,2025-04-04,South,Furniture,322.78,55.03,2025-04
3649,2025-04-05,East,Office Supplies,113.78,28.4,2025-04
3650,2025-04-05,South,Furniture,179.45,39.11,2025-04
3651,2025-04-05,South,Office Supplies,120.3,25.51,2025-04
3652,2025-04-05,West,Office Supplies,137.52,10.7,2025-04
3653,2025-04-05,West,Furniture,177.54,25.82,2025-04
3654,2025-04-05,South,Office Supplies,79.75,12.06,2025-04
3655,2025-04-05,West,Office Supplies,125.95,28.56,2025-04
3656,2025-04-05,West,Office Supplies,67.43,12.21,2025-04
3657,2025-04-05,Central,Technology,440.5,104.44,2025-04
3658,2025-04-05,West,Furniture,393.03,66.88,2025-04
3659,2025-04-05,West,Furniture,167.91,33.22,2025-04
3660,2025-04-06,West,Office Supplies,153.79,36.02,2025-04
3661,2025-04-06,East,Office Supplies,91.52,19.57,2025-04
3662,2025-04-06,South,Furniture,296.71,72.7,2025-04
3663,2025-04-06,West,Office Supplies,180.63,23.25,2025-04
3664,2025-04-06,Central,Office Supplies,133.12,12.12,2025-04
3665,2025-04-06,East,Technology,354.37,102.32,2025-04
3666,2025-04-07,East,Office Supplies,39.9,6.78,2025-04
3667,2025-04-07,West,Furniture,253.04,59.7,2025-04
3668,2025-04-07,Central,Furniture,258.58,59.85,2025-04
3669,2025-04-07,South,Office Supplies,101.87,11.55,2025-04
3670,2025-04-08,West,Furniture,308.5,33.19,2025-04
3671,2025-04-08,East,Technology,371.46,80.16,2025-04
3672,2025-04-08,West,Office Supplies,134.85,29.11,2025-04
3673,2025-04-08,West,Office Supplies,142.43,25.05,2025-04
3674,2025-04-08,East,Furniture,252.81,59.25,2025-04
3675,2025-04-08,Central,Office Supplies,126.46,18.39,2025-04
3676,2025-04-08,East,Furniture,233.51,46.89,2025-04
3677,2025-04-08,South,Furniture,338.89,36.14,2025-04
3678,2025-04-08,Central,Office Supplies,109.91,24.9,2025-04
3679,2025-04-08,South,Office Supplies,85.99,12.02,2025-04
3680,2025-04-08,South,Furniture,251.77,26.03,2025-04
3681,2025-04-09,West,Office Supplies,166.89,38.08,2025-04
3682,2025-04-09,Central,Furniture,262.84,51.65,2025-04
3683,2025-04-09,East,Furniture,208.35,36.48,2025-04
3684,2025-04-09,East,Furniture,353.69,95.8,2025-04
3685,2025-04-09,Central,Office Supplies,77.82,12.42,2025-04
3686,2025-04-09,East,Office Supplies,144.24,31.16,2025-04
3687,2025-04-09,South,Office Supplies,82.01,18.59,2025-04
3688,2025-04-09,South,Furniture,189.13,25.15,2025-04
3689,2025-04-09,South,Technology,474.5,114.26,2025-04
3690,2025-04-09,West,Technology,443.42,82.84,2025-04
3691,2025-04-09,West,Furniture,243.1,44.73,2025-04
3692,2025-04-09,South,Office Supplies,110.95,23.09,2025-04
3693,2025-04-09,Central,Office Supplies,123.39,36.65,2025-04
3694,2025-04-10,South,Technology,455.27,69.97,2025-04
3695,2025-04-10,South,Furniture,266.36,65.02,2025-04
3696,2025-04-10,Central,Office Supplies,70.62,12.18,2025-04
3697,2025-04-10,South,Furniture,54.02,5.83,2025-04
3698,2025-04-10,Central,Office Supplies,129.49,14.56,2025-04
3699,2025-04-10,South,Furniture,145.25,38.29,2025-04
3700,2025-04-10,South,Furniture,195.65,25.99,2025-04
3701,2025-04-10,Central,Office Supplies,173.51,22.99,2025-04
3702,2025-04-10,West,Furniture,279.32,55.37,2025-04
3703,2025-04-11,West,Furniture,123.51,22.48,2025-04
3704,2025-04-11,Central,Furniture,306.0,80.91,2025-04
3705,2025-04-11,South,Technology,451.29,92.98,2025-04
3706,2025-04-11,West,Technology,191.64,36.41,2025-04
3707,2025-04-11,Central,Office Supplies,181.13,52.2,2025-04
3708,2025-04-11,South,Office Supplies,100.7,22.57,2025-04
3709,2025-04-11,West,Office Supplies,86.79,9.31,2025-04
3710,2025-04-12,East,Furniture,205.84,38.89,2025-04
3711,2025-04-12,West,Technology,307.23,70.54,2025-04
3712,2025-04-12,South,Furniture,241.26,56.52,2025-04
3713,2025-04-12,Central,Office Supplies,96.82,14.71,2025-04
3714,2025-04-12,West,Technology,395.21,57.41,2025-04
3715,2025-04-12,Central,Office Supplies,115.0,16.99,2025-04
3716,2025-04-12,Central,Furniture,283.84,38.85,2025-04
3717,2025-04-12,West,Furniture,325.66,59.82,2025-04
3718,2025-04-13,East,Office Supplies,93.37,20.91,2025-04
3719,2025-04-13,Central,Office Supplies,123.57,12.44,2025-04
3720,2025-04-13,Central,Technology,338.73,76.88,2025-04
3721,2025-04-14,East,Technology,244.96,48.75,2025-04
3722,2025-04-14,East,Technology,665.08,165.24,2025-04
3723,2025-04-14,Central,Office Supplies,159.06,20.29,2025-04
3724,2025-04-14,South,Office Supplies,74.77,16.1,2025-04
3725,2025-04-14,West,Office Supplies,126.8,21.04,2025-04
3726,2025-04-14,East,Office Supplies,99.94,8.19,2025-04
3727,2025-04-14,East,Technology,486.53,90.49,2025-04
3728,2025-04-15,West,Furniture,271.42,45.47,2025-04
3729,2025-04-15,East,Furniture,174.44,27.1,2025-04
3730,2025-04-15,West,Furniture,284.42,48.63,2025-04
3731,2025-04-15,West,Office Supplies,229.09,28.3,2025-04
3732,2025-04-15,South,Furniture,281.58,58.02,2025-04
3733,2025-04-15,Central,Furniture,255.37,41.98,2025-04
3734,2025-04-16,West,Office Supplies,158.02,33.2,2025-04
3735,2025-04-16,Central,Furniture,341.97,47.38,2025-04
3736,2025-04-16,South,Office Supplies,75.02,12.97,2025-04
3737,2025-04-16,East,Office Supplies,83.08,14.39,2025-04
3738,2025-04-16,Central,Technology,279.4,59.4,2025-04
3739,2025-04-16,Central,Furniture,176.86,17.6,2025-04
3740,2025-04-16,South,Office Supplies,147.55,26.55,2025-04
3741,2025-04-17,East,Office Supplies,105.38,17.83,2025-04
3742,2025-04-17,West,Furniture,285.92,51.6,2025-04
3743,2025-04-17,East,Office Supplies,186.23,25.72,2025-04
3744,2025-04-17,East,Office Supplies,121.52,24.65,2025-04
3745,2025-04-17,West,Furniture,354.19,94.95,2025-04
3746,2025-04-18,West,Office Supplies,165.68,32.59,2025-04
3747,2025-04-18,West,Technology,311.82,78.92,2025-04
3748,2025-04-18,East,Furniture,242.99,46.08,2025-04
3749,2025-04-18,West,Furniture,195.92,43.55,2025-04
3750,2025-04-18,West,Office Supplies,37.38,3.98,2025-04
3751,2025-04-19,South,Technology,546.23,102.31,2025-04
3752,2025-04-19,South,Office Supplies,178.76,37.73,2025-04
3753,2025-04-19,East,Furniture,186.35,44.89,2025-04
3754,2025-04-19,East,Furniture,277.98,48.69,2025-04
3755,2025-04-19,Central,Office Supplies,158.35,28.72,2025-04
3756,2025-04-19,West,Furniture,312.22,37.92,2025-04
3757,2025-04-19,West,Office Supplies,122.05,17.9,2025-04
3758,2025-04-20,West,Furniture,197.2,50.57,2025-04
3759,2025-04-20,East,Technology,131.06,27.89,2025-04
3760,2025-04-20,West,Furniture,74.15,11.31,2025-04
3761,2025-04-20,West,Technology,232.23,53.61,2025-04
3762,2025-04-20,West,Technology,684.86,151.41,2025-04
3763,2025-04-20,East,Office Supplies,146.35,27.93,2025-04
3764,2025-04-20,East,Technology,417.93,58.16,2025-04
3765,2025-04-20,Central,Office Supplies,56.9,10.55,2025-04
3766,2025-04-20,Central,Furniture,279.14,54.8,2025-04
3767,2025-04-20,South,Furniture,291.21,63.12,2025-04
3768,2025-04-20,West,Office Supplies,122.69,16.52,2025-04
3769,2025-04-20,West,Technology,461.03,98.37,2025-04
3770,2025-04-20,South,Furniture,224.4,47.92,2025-04
3771,2025-04-21,South,Furniture,376.29,71.73,2025-04
3772,2025-04-21,East,Office Supplies,73.39,14.5,2025-04
3773,2025-04-21,Central,Furniture,275.15,29.92,2025-04
3774,2025-04-21,West,Technology,393.59,91.4,2025-04
3775,2025-04-22,Central,Office Supplies,39.52,7.04,2025-04
3776,2025-04-22,South,Furniture,222.39,50.55,2025-04
3777,2025-04-22,South,Office Supplies,134.49,17.94,2025-04
3778,2025-04-22,Central,Office Supplies,158.45,38.54,2025-04
3779,2025-04-22,Central,Office Supplies,135.86,22.97,2025-04
3780,2025-04-22,East,Office Supplies,98.19,25.68,2025-04
3781,2025-04-22,East,Furniture,275.93,50.97,2025-04
3782,2025-04-22,Central,Office Supplies,72.47,9.98,2025-04
3783,2025-04-23,Central,Technology,423.09,89.07,2025-04
3784,2025-04-23,East,Office Supplies,133.49,19.1,2025-04
3785,2025-04-23,Central,Office Supplies,74.4,16.67,2025-04
3786,2025-04-23,South,Furniture,225.19,47.43,2025-04
3787,2025-04-24,South,Furniture,280.34,60.23,2025-04
3788,2025-04-24,Central,Office Supplies,102.07,12.76,2025-04
3789,2025-04-25,South,Furniture,266.27,35.4,2025-04
3790,2025-04-25,East,Office Supplies,101.24,24.65,2025-04
3791,2025-04-25,East,Furniture,261.53,61.36,2025-04
3792,2025-04-25,East,Office Supplies,144.32,31.84,2025-04
3793,2025-04-25,West,Technology,466.52,102.41,2025-04
3794,2025-04-25,South,Office Supplies,147.36,40.4,2025-04
3795,2025-04-26,South,Office Supplies,90.01,18.66,2025-04
3796,2025-04-26,West,Furniture,278.34,36.23,2025-04
3797,2025-04-26,Central,Furniture,348.27,61.31,2025-04
3798,2025-04-26,East,Furniture,209.99,39.43,2025-04
3799,2025-04-26,South,Office Supplies,13.81,1.75,2025-04
3800,2025-04-26,Central,Furniture,266.26,56.4,2025-04
3801,2025-04-27,Central,Office Supplies,67.16,13.21,2025-04
3802,2025-04-27,Central,Furniture,342.16,98.03,2025-04
3803,2025-04-27,Central,Technology,352.43,66.65,2025-04
3804,2025-04-28,South,Technology,249.57,27.84,2025-04
3805,2025-04-28,East,Furniture,169.85,30.13,2025-04
3806,2025-04-28,East,Technology,670.29,155.04,2025-04
3807,2025-04-28,East,Technology,409.78,96.33,2025-04
3808,2025-04-28,South,Technology,528.8,119.22,2025-04
3809,2025-04-28,East,Furniture,125.1,25.83,2025-04
3810,2025-04-28,West,Furniture,213.23,40.75,2025-04
3811,2025-04-28,Central,Office Supplies,149.5,21.2,2025-04
3812,2025-04-29,East,Furniture,291.45,43.67,2025-04
3813,2025-04-29,East,Technology,422.95,84.81,2025-04
3814,2025-04-29,East,Office Supplies,221.9,34.09,2025-04
3815,2025-04-29,Central,Office Supplies,153.18,25.27,2025-04
3816,2025-04-30,East,Furniture,134.39,30.82,2025-04
3817,2025-04-30,South,Office Supplies,85.44,9.13,2025-04
3818,2025-04-30,East,Technology,534.77,97.38,2025-04
3819,2025-04-30,West,Technology,366.85,79.12,2025-04
3820,2025-04-30,Central,Technology,358.67,75.58,2025-04
3821,2025-04-30,West,Technology,328.11,81.09,2025-04
3822,2025-04-30,South,Furniture,192.74,40.76,2025-04
3823,2025-05-01,West,Office Supplies,131.07,27.0,2025-05
3824,2025-05-01,East,Technology,397.78,77.21,2025-05
3825,2025-05-01,South,Office Supplies,35.93,5.61,2025-05
3826,2025-05-01,Central,Furniture,181.26,18.44,2025-05
3827,2025-05-01,Central,Furniture,168.73,29.21,2025-05
3828,2025-05-01,West,Furniture,388.5,77.22,2025-05
3829,2025-05-01,East,Office Supplies,138.27,24.0,2025-05
3830,2025-05-01,West,Office Supplies,167.77,15.83,2025-05
3831,2025-05-02,West,Technology,212.4,39.27,2025-05
3832,2025-05-02,East,Office Supplies,207.61,51.25,2025-05
3833,2025-05-02,West,Office Supplies,194.98,26.75,2025-05
3834,2025-05-02,East,Furniture,206.61,37.62,2025-05
3835,2025-05-02,South,Office Supplies,193.28,20.06,2025-05
3836,2025-05-02,West,Office Supplies,84.64,13.36,2025-05
3837,2025-05-02,East,Furniture,188.89,23.24,2025-05
3838,2025-05-02,East,Office Supplies,82.84,15.54,2025-05
3839,2025-05-02,Central,Technology,319.75,76.05,2025-05
3840,2025-05-03,West,Office Supplies,48.74,5.26,2025-05
3841,2025-05-03,West,Office Supplies,114.26,27.89,2025-05
3842,2025-05-03,West,Technology,365.33,85.91,2025-05
3843,2025-05-03,Central,Furniture,196.98,35.84,2025-05
3844,2025-05-03,East,Office Supplies,164.77,22.54,2025-05
3845,2025-05-03,South,Furniture,260.09,70.01,2025-05
3846,2025-05-03,East,Office Supplies,134.6,40.59,2025-05
3847,2025-05-04,West,Furniture,341.1,72.53,2025-05
3848,2025-05-04,South,Furniture,467.36,111.99,2025-05
3849,2025-05-04,South,Office Supplies,111.5,13.78,2025-05
3850,2025-05-04,Central,Office Supplies,109.88,21.28,2025-05
3851,2025-05-04,South,Furniture,358.58,79.72,2025-05
3852,2025-05-04,East,Furniture,121.98,23.44,2025-05
3853,2025-05-04,South,Office Supplies,163.3,40.16,2025-05
3854,2025-05-04,West,Furniture,347.48,52.27,2025-05
3855,2025-05-04,Central,Furniture,202.12,54.47,2025-05
3856,2025-05-04,Central,Technology,348.31,90.4,2025-05
3857,2025-05-05,South,Office Supplies,161.11,21.02,2025-05
3858,2025-05-05,South,Furniture,343.45,74.72,2025-05
3859,2025-05-05,East,Office Supplies,128.93,20.93,2025-05
3860,2025-05-05,South,Furniture,298.55,63.39,2025-05
3861,2025-05-05,West,Office Supplies,209.81,47.16,2025-05
3862,2025-05-05,Central,Office Supplies,133.35,30.89,2025-05
3863,2025-05-06,Central,Technology,393.08,80.73,2025-05
3864,2025-05-06,Central,Technology,245.48,53.84,2025-05
3865,2025-05-06,Central,Technology,374.95,71.82,2025-05
3866,2025-05-06,East,Technology,361.6,59.23,2025-05
3867,2025-05-06,West,Office Supplies,54.23,11.88,2025-05
3868,2025-05-06,South,Technology,229.24,18.3,2025-05
3869,2025-05-06,Central,Office Supplies,65.06,5.87,2025-05
3870,2025-05-06,West,Furniture,417.47,66.17,2025-05
3871,2025-05-06,Central,Technology,585.14,87.01,2025-05
3872,2025-05-07,Central,Technology,485.65,129.06,2025-05
3873,2025-05-07,East,Office Supplies,177.8,34.7,2025-05
3874,2025-05-07,West,Technology,529.79,72.45,2025-05
3875,2025-05-07,West,Office Supplies,93.64,21.22,2025-05
3876,2025-05-07,East,Office Supplies,180.04,33.65,2025-05
3877,2025-05-07,South,Furniture,398.2,88.73,2025-05
3878,2025-05-07,South,Technology,426.35,115.86,2025-05
3879,2025-05-08,East,Technology,374.0,38.02,2025-05
3880,2025-05-08,South,Office Supplies,91.42,12.28,2025-05
3881,2025-05-08,South,Office Supplies,74.82,22.2,2025-05
3882,2025-05-08,West,Furniture,349.23,79.76,2025-05
3883,2025-05-08,West,Technology,330.61,45.35,2025-05
3884,2025-05-08,South,Furniture,174.64,16.17,2025-05
3885,2025-05-08,West,Technology,504.73,83.05,2025-05
3886,2025-05-08,Central,Office Supplies,71.98,10.16,2025-05
3887,2025-05-08,Central,Office Supplies,119.24,26.75,2025-05
3888,2025-05-09,South,Furniture,213.54,40.8,2025-05
3889,2025-05-09,West,Furniture,437.56,85.56,2025-05
3890,2025-05-09,East,Office Supplies,115.81,25.16,2025-05
3891,2025-05-09,South,Technology,419.14,74.31,2025-05
3892,2025-05-09,South,Technology,498.74,108.03,2025-05
3893,2025-05-09,East,Furniture,250.07,52.02,2025-05
3894,2025-05-09,West,Technology,377.08,52.54,2025-05
3895,2025-05-09,West,Furniture,162.17,23.79,2025-05
3896,2025-05-09,East,Office Supplies,120.74,26.79,2025-05
3897,2025-05-09,West,Furniture,134.49,17.8,2025-05
3898,2025-05-09,Central,Technology,700.94,100.34,2025-05
3899,2025-05-10,West,Office Supplies,100.24,10.96,2025-05
3900,2025-05-10,East,Office Supplies,115.43,9.52,2025-05
3901,2025-05-10,East,Furniture,304.04,73.31,2025-05
3902,2025-05-10,West,Furniture,235.7,44.56,2025-05
3903,2025-05-10,South,Office Supplies,171.79,23.93,2025-05
3904,2025-05-10,South,Office Supplies,60.29,4.91,2025-05
3905,2025-05-10,South,Office Supplies,89.66,13.55,2025-05
3906,2025-05-10,East,Furniture,310.68,37.58,2025-05
3907,2025-05-10,East,Office Supplies,58.88,13.16,2025-05
3908,2025-05-10,East,Furniture,204.52,38.74,2025-05
3909,2025-05-11,Central,Office Supplies,59.42,14.47,2025-05
3910,2025-05-11,Central,Technology,459.15,31.4,2025-05
3911,2025-05-11,East,Office Supplies,73.35,11.41,2025-05
3912,2025-05-11,South,Furniture,322.23,62.63,2025-05
3913,2025-05-11,South,Technology,461.25,72.73,2025-05
3914,2025-05-11,West,Technology,532.88,114.45,2025-05
3915,2025-05-11,East,Office Supplies,131.47,25.26,2025-05
3916,2025-05-11,East,Technology,416.71,65.09,2025-05
3917,2025-05-11,Central,Furniture,174.95,29.29,2025-05
3918,2025-05-11,Central,Technology,237.98,46.39,2025-05
3919,2025-05-12,South,Office Supplies,146.77,27.66,2025-05
3920,2025-05-12,South,Office Supplies,83.94,22.23,2025-05
3921,2025-05-12,Central,Office Supplies,118.1,27.18,2025-05
3922,2025-05-12,South,Technology,477.6,105.29,2025-05
3923,2025-05-12,South,Office Supplies,74.45,13.38,2025-05
3924,2025-05-12,East,Furniture,323.15,74.24,2025-05
3925,2025-05-13,South,Office Supplies,202.73,25.96,2025-05
3926,2025-05-13,East,Office Supplies,99.31,26.24,2025-05
3927,2025-05-13,Central,Furniture,284.38,50.84,2025-05
3928,2025-05-13,East,Office Supplies,189.57,52.37,2025-05
3929,2025-05-13,Central,Office Supplies,103.24,20.65,2025-05
3930,2025-05-13,West,Technology,206.58,20.54,2025-05
3931,2025-05-13,West,Office Supplies,112.2,13.95,2025-05
3932,2025-05-13,West,Technology,331.22,64.58,2025-05
3933,2025-05-13,West,Furniture,372.69,75.07,2025-05
3934,2025-05-14,South,Office Supplies,141.94,23.05,2025-05
3935,2025-05-14,South,Office Supplies,66.82,11.25,2025-05
3936,2025-05-14,South,Furniture,298.54,37.81,2025-05
3937,2025-05-14,East,Technology,10.0,2.52,2025-05
3938,2025-05-14,East,Office Supplies,158.66,26.91,2025-05
3939,2025-05-14,East,Technology,255.13,50.64,2025-05
3940,2025-05-14,East,Office Supplies,87.68,11.28,2025-05
3941,2025-05-14,East,Office Supplies,86.5,16.01,2025-05
3942,2025-05-15,South,Office Supplies,125.56,19.19,2025-05
3943,2025-05-15,Central,Office Supplies,133.18,11.25,2025-05
3944,2025-05-15,West,Furniture,237.7,41.97,2025-05
3945,2025-05-15,South,Office Supplies,130.87,29.78,2025-05
3946,2025-05-15,West,Furniture,288.0,55.53,2025-05
3947,2025-05-15,East,Furniture,176.35,40.35,2025-05
3948,2025-05-15,West,Office Supplies,137.58,28.5,2025-05
3949,2025-05-15,Central,Furniture,265.79,54.7,2025-05
3950,2025-05-15,South,Office Supplies,139.32,28.37,2025-05
3951,2025-05-15,West,Technology,388.85,74.47,2025-05
3952,2025-05-15,Central,Office Supplies,142.2,28.28,2025-05
3953,2025-05-16,Central,Office Supplies,125.24,24.16,2025-05
3954,2025-05-16,Central,Technology,232.88,53.51,2025-05
3955,2025-05-16,South,Office Supplies,190.91,28.58,2025-05
3956,2025-05-16,South,Technology,382.34,75.07,2025-05
3957,2025-05-16,West,Furniture,293.13,47.99,2025-05
3958,2025-05-16,West,Office Supplies,167.16,35.61,2025-05
3959,2025-05-16,East,Furniture,67.98,9.53,2025-05
3960,2025-05-16,South,Technology,546.6,96.86,2025-05
3961,2025-05-16,West,Technology,498.99,71.92,2025-05
3962,2025-05-16,West,Furniture,191.82,19.73,2025-05
3963,2025-05-17,Central,Technology,367.49,38.91,2025-05
3964,2025-05-17,South,Technology,679.26,99.37,2025-05
3965,2025-05-17,West,Office Supplies,186.83,29.45,2025-05
3966,2025-05-17,West,Technology,263.54,73.81,2025-05
3967,2025-05-17,West,Technology,539.55,100.44,2025-05
3968,2025-05-17,Central,Office Supplies,56.18,9.1,2025-05
3969,2025-05-17,South,Office Supplies,67.56,15.26,2025-05
3970,2025-05-17,West,Furniture,228.06,62.66,2025-05
3971,2025-05-17,West,Office Supplies,110.0,20.66,2025-05
3972,2025-05-17,Central,Office Supplies,68.84,16.5,2025-05
3973,2025-05-17,West,Furniture,249.78,50.09,2025-05
3974,2025-05-17,South,Office Supplies,121.7,12.65,2025-05
3975,2025-05-18,West,Office Supplies,53.04,9.63,2025-05
3976,2025-05-18,South,Furniture,143.8,32.09,2025-05
3977,2025-05-18,West,Technology,353.64,59.9,2025-05
3978,2025-05-18,East,Office Supplies,61.71,14.62,2025-05
3979,2025-05-18,Central,Furniture,274.96,53.92,2025-05
3980,2025-05-18,South,Technology,235.67,22.67,2025-05
3981,2025-05-18,Central,Furniture,186.3,30.23,2025-05
3982,2025-05-18,West,Office Supplies,88.29,24.26,2025-05
3983,2025-05-18,East,Office Supplies,169.09,30.9,2025-05
3984,2025-05-18,Central,Furniture,192.42,24.85,2025-05
3985,2025-05-18,East,Office Supplies,120.45,23.82,2025-05
3986,2025-05-18,Central,Office Supplies,102.96,21.1,2025-05
3987,2025-05-18,Central,Technology,332.88,42.81,2025-05
3988,2025-05-18,South,Technology,470.28,44.52,2025-05
3989,2025-05-19,West,Technology,206.19,34.97,2025-05
3990,2025-05-19,East,Office Supplies,135.42,26.27,2025-05
3991,2025-05-19,Central,Technology,502.18,85.89,2025-05
3992,2025-05-19,East,Office Supplies,95.45,23.57,2025-05
3993,2025-05-19,Central,Office Supplies,93.94,13.39,2025-05
3994,2025-05-19,East,Office Supplies,85.73,11.79,2025-05
3995,2025-05-19,East,Office Supplies,187.25,50.53,2025-05
3996,2025-05-19,West,Furniture,325.13,67.35,2025-05
3997,2025-05-19,West,Furniture,184.53,29.34,2025-05
3998,2025-05-20,Central,Furniture,190.55,37.07,2025-05
3999,2025-05-20,Central,Office Supplies,13.82,1.91,2025-05
4000,2025-05-20,South,Furniture,105.59,13.82,2025-05
4001,2025-05-20,Central,Technology,452.87,91.56,2025-05
4002,2025-05-20,South,Office Supplies,134.22,25.46,2025-05
4003,2025-05-21,West,Office Supplies,27.41,3.46,2025-05
4004,2025-05-21,South,Office Supplies,10.0,1.79,2025-05
4005,2025-05-21,Central,Office Supplies,90.71,14.96,2025-05
4006,2025-05-21,West,Furniture,159.72,21.65,2025-05
4007,2025-05-21,Central,Technology,468.82,89.4,2025-05
4008,2025-05-22,Central,Furniture,423.25,80.12,2025-05
4009,2025-05-22,South,Office Supplies,41.63,7.55,2025-05
4010,2025-05-22,West,Technology,228.28,38.97,2025-05
4011,2025-05-22,East,Office Supplies,208.04,32.47,2025-05
4012,2025-05-22,West,Furniture,329.44,59.59,2025-05
4013,2025-05-22,East,Office Supplies,182.48,37.97,2025-05
4014,2025-05-22,East,Technology,546.68,108.38,2025-05
4015,2025-05-23,East,Office Supplies,133.62,30.37,2025-05
4016,2025-05-23,South,Technology,493.52,77.49,2025-05
4017,2025-05-23,East,Office Supplies,193.09,39.33,2025-05
4018,2025-05-23,East,Furniture,108.93,26.29,2025-05
4019,2025-05-23,Central,Office Supplies,96.54,15.35,2025-05
4020,2025-05-23,Central,Office Supplies,98.96,13.09,2025-05
4021,2025-05-23,West,Furniture,386.15,74.85,2025-05
4022,2025-05-23,Central,Technology,374.77,47.92,2025-05
4023,2025-05-24,Central,Office Supplies,101.95,19.96,2025-05
4024,2025-05-24,Central,Furniture,181.46,39.79,2025-05
4025,2025-05-24,Central,Furniture,278.16,39.2,2025-05
4026,2025-05-24,South,Technology,496.79,74.76,2025-05
4027,2025-05-24,West,Technology,159.05,20.82,2025-05
4028,2025-05-24,Central,Office Supplies,157.85,41.23,2025-05
4029,2025-05-24,South,Technology,631.51,96.79,2025-05
4030,2025-05-24,South,Technology,373.61,59.57,2025-05
4031,2025-05-24,West,Office Supplies,119.38,13.81,2025-05
4032,2025-05-24,Central,Office Supplies,98.61,18.71,2025-05
4033,2025-05-24,South,Technology,526.93,102.23,2025-05
4034,2025-05-24,East,Technology,367.54,48.51,2025-05
4035,2025-05-24,West,Office Supplies,160.79,17.66,2025-05
4036,2025-05-24,West,Technology,227.54,47.55,2025-05
4037,2025-05-24,West,Technology,500.89,32.93,2025-05
4038,2025-05-24,Central,Furniture,230.43,20.02,2025-05
4039,2025-05-25,Central,Furniture,146.33,29.8,2025-05
4040,2025-05-25,West,Office Supplies,186.18,40.05,2025-05
4041,2025-05-25,South,Technology,533.86,68.84,2025-05
4042,2025-05-25,Central,Office Supplies,92.64,20.29,2025-05
4043,2025-05-25,East,Office Supplies,111.75,21.06,2025-05
4044,2025-05-25,Central,Furniture,223.52,31.38,2025-05
4045,2025-05-26,West,Office Supplies,108.23,16.46,2025-05
4046,2025-05-26,South,Office Supplies,43.14,8.26,2025-05
4047,2025-05-26,Central,Furniture,319.92,46.46,2025-05
4048,2025-05-26,West,Furniture,362.62,80.42,2025-05
4049,2025-05-26,East,Furniture,201.06,23.15,2025-05
4050,2025-05-26,Central,Office Supplies,103.74,16.08,2025-05
4051,2025-05-26,West,Furniture,185.67,31.98,2025-05
4052,2025-05-27,West,Office Supplies,124.47,23.57,2025-05
4053,2025-05-27,East,Office Supplies,86.11,17.32,2025-05
4054,2025-05-27,West,Technology,199.48,39.3,2025-05
4055,2025-05-27,East,Office Supplies,36.69,7.65,2025-05
4056,2025-05-27,Central,Furniture,263.09,32.27,2025-05
4057,2025-05-27,East,Technology,458.5,62.82,2025-05
4058,2025-05-27,West,Office Supplies,119.86,31.13,2025-05
4059,2025-05-27,Central,Office Supplies,180.85,37.22,2025-05
4060,2025-05-27,Central,Office Supplies,169.51,14.54,2025-05
4061,2025-05-27,East,Office Supplies,169.19,27.85,2025-05
4062,2025-05-27,West,Office Supplies,118.83,19.14,2025-05
4063,2025-05-28,West,Technology,354.24,44.5,2025-05
4064,2025-05-28,Central,Technology,494.56,110.99,2025-05
4065,2025-05-28,West,Furniture,288.96,47.02,2025-05
4066,2025-05-28,South,Technology,409.72,57.37,2025-05
4067,2025-05-28,Central,Office Supplies,171.96,36.62,2025-05
4068,2025-05-28,West,Furniture,188.6,31.52,2025-05
4069,2025-05-28,West,Office Supplies,95.49,15.3,2025-05
4070,2025-05-29,South,Technology,199.08,39.65,2025-05
4071,2025-05-29,West,Technology,586.22,120.47,2025-05
4072,2025-05-29,West,Office Supplies,192.83,28.86,2025-05
4073,2025-05-29,South,Office Supplies,31.18,5.22,2025-05
4074,2025-05-29,East,Technology,541.23,80.72,2025-05
4075,2025-05-29,Central,Technology,423.68,88.95,2025-05
4076,2025-05-29,South,Furniture,363.28,76.33,2025-05
4077,2025-05-29,West,Office Supplies,144.44,29.53,2025-05
4078,2025-05-29,West,Office Supplies,165.09,22.46,2025-05
4079,2025-05-30,Central,Technology,635.13,104.78,2025-05
4080,2025-05-30,East,Furniture,203.95,22.46,2025-05
4081,2025-05-30,East,Office Supplies,150.2,38.15,2025-05
4082,2025-05-30,East,Office Supplies,151.26,26.93,2025-05
4083,2025-05-30,West,Office Supplies,83.21,18.0,2025-05
4084,2025-05-31,West,Furniture,165.81,45.18,2025-05
4085,2025-05-31,West,Furniture,189.67,27.52,2025-05
4086,2025-05-31,South,Office Supplies,126.73,18.0,2025-05
4087,2025-05-31,East,Office Supplies,169.7,26.25,2025-05
4088,2025-05-31,West,Office Supplies,98.72,26.07,2025-05
4089,2025-05-31,Central,Office Supplies,124.9,6.12,2025-05
4090,2025-05-31,South,Office Supplies,157.62,28.08,2025-05
4091,2025-05-31,West,Technology,291.95,51.1,2025-05
4092,2025-05-31,South,Furniture,241.52,31.52,2025-05
4093,2025-06-01,East,Office Supplies,104.64,20.38,2025-06
4094,2025-06-01,East,Furniture,299.03,76.31,2025-06
4095,2025-06-01,West,Furniture,266.22,47.03,2025-06
4096,2025-06-01,East,Technology,260.17,49.61,2025-06
4097,2025-06-01,West,Technology,548.31,92.19,2025-06
4098,2025-06-01,West,Office Supplies,214.18,36.12,2025-06
4099,2025-06-01,East,Furniture,207.28,34.56,2025-06
4100,2025-06-02,Central,Furniture,238.17,41.17,2025-06
4101,2025-06-02,South,Office Supplies,149.74,41.8,2025-06
4102,2025-06-02,West,Office Supplies,74.48,12.38,2025-06
4103,2025-06-02,Central,Furniture,293.45,45.73,2025-06
4104,2025-06-02,Central,Office Supplies,43.9,4.77,2025-06
4105,2025-06-02,Central,Office Supplies,141.11,25.48,2025-06
4106,2025-06-02,South,Office Supplies,127.41,31.27,2025-06
4107,2025-06-02,West,Furniture,327.9,61.72,2025-06
4108,2025-06-02,Central,Technology,340.52,43.92,2025-06
4109,2025-06-03,South,Furniture,117.45,23.4,2025-06
4110,2025-06-03,East,Furniture,227.17,41.58,2025-06
4111,2025-06-03,South,Furniture,181.13,36.96,2025-06
4112,2025-06-03,West,Furniture,290.42,73.35,2025-06
4113,2025-06-03,East,Technology,512.83,94.61,2025-06
4114,2025-06-03,South,Technology,398.88,78.05,2025-06
4115,2025-06-03,East,Technology,526.45,70.1,2025-06
4116,2025-06-04,South,Office Supplies,149.61,18.23,2025-06
4117,2025-06-04,Central,Furniture,165.95,33.15,2025-06
4118,2025-06-04,West,Technology,421.33,93.36,2025-06
4119,2025-06-04,Central,Technology,398.19,83.37,2025-06
4120,2025-06-04,Central,Office Supplies,114.43,16.39,2025-06
4121,2025-06-04,Central,Technology,263.3,48.28,2025-06
4122,2025-06-04,East,Technology,627.36,112.29,2025-06
4123,2025-06-04,East,Office Supplies,85.36,17.04,2025-06
4124,2025-06-04,West,Furniture,267.34,48.97,2025-06
4125,2025-06-05,South,Office Supplies,171.05,21.78,2025-06
4126,2025-06-05,South,Furniture,309.14,64.94,2025-06
4127,2025-06-05,East,Furniture,198.35,29.92,2025-06
4128,2025-06-05,East,Office Supplies,157.3,26.13,2025-06
4129,2025-06-05,West,Office Supplies,156.76,30.74,2025-06
4130,2025-06-05,West,Office Supplies,103.15,22.57,2025-06
4131,2025-06-05,East,Office Supplies,192.62,49.81,2025-06
4132,2025-06-05,South,Furniture,209.82,19.86,2025-06
4133,2025-06-05,West,Office Supplies,173.49,37.28,2025-06
4134,2025-06-05,South,Technology,440.2,78.34,2025-06
4135,2025-06-05,East,Office Supplies,176.05,32.95,2025-06
4136,2025-06-06,West,Office Supplies,96.69,15.04,2025-06
4137,2025-06-06,West,Office Supplies,140.73,15.0,2025-06
4138,2025-06-06,South,Office Supplies,225.7,32.9,2025-06
4139,2025-06-06,West,Furniture,182.51,25.9,2025-06
4140,2025-06-06,South,Furniture,329.41,64.94,2025-06
4141,2025-06-06,Central,Office Supplies,199.51,18.9,2025-06
4142,2025-06-06,South,Technology,564.87,96.87,2025-06
4143,2025-06-06,West,Office Supplies,100.98,15.54,2025-06
4144,2025-06-06,Central,Office Supplies,98.67,10.82,2025-06
4145,2025-06-06,West,Technology,353.77,82.11,2025-06
4146,2025-06-06,South,Furniture,264.87,48.49,2025-06
4147,2025-06-07,West,Furniture,427.84,54.09,2025-06
4148,2025-06-07,East,Office Supplies,136.72,10.5,2025-06
4149,2025-06-07,Central,Furniture,250.82,35.8,2025-06
4150,2025-06-07,Central,Furniture,245.99,43.5,2025-06
4151,2025-06-07,West,Office Supplies,76.46,10.11,2025-06
4152,2025-06-07,South,Furniture,305.07,54.82,2025-06
4153,2025-06-07,Central,Office Supplies,105.47,18.72,2025-06
4154,2025-06-07,Central,Office Supplies,115.98,15.16,2025-06
4155,2025-06-07,South,Furniture,66.17,4.96,2025-06
4156,2025-06-07,South,Technology,305.44,74.86,2025-06
4157,2025-06-07,East,Furniture,352.48,81.75,2025-06
4158,2025-06-08,East,Furniture,215.16,38.31,2025-06
4159,2025-06-08,West,Technology,561.67,122.34,2025-06
4160,2025-06-08,East,Office Supplies,144.38,23.72,2025-06
4161,2025-06-08,East,Office Supplies,137.37,42.54,2025-06
4162,2025-06-08,South,Furniture,359.01,55.23,2025-06
4163,2025-06-08,West,Office Supplies,123.33,24.12,2025-06
4164,2025-06-08,South,Office Supplies,115.9,33.44,2025-06
4165,2025-06-08,Central,Office Supplies,120.28,23.52,2025-06
4166,2025-06-08,West,Furniture,344.29,60.82,2025-06
4167,2025-06-08,East,Technology,242.52,35.36,2025-06
4168,2025-06-08,West,Furniture,189.43,33.73,2025-06
4169,2025-06-09,South,Furniture,264.05,47.29,2025-06
4170,2025-06-09,West,Office Supplies,91.62,19.67,2025-06
4171,2025-06-09,West,Furniture,154.94,31.7,2025-06
4172,2025-06-09,West,Technology,500.07,43.55,2025-06
4173,2025-06-09,West,Furniture,147.43,13.65,2025-06
4174,2025-06-09,South,Furniture,362.18,55.28,2025-06
4175,2025-06-09,Central,Technology,570.61,92.72,2025-06
4176,2025-06-09,West,Furniture,161.29,23.2,2025-06
4177,2025-06-09,East,Furniture,262.39,56.45,2025-06
4178,2025-06-09,South,Furniture,251.3,56.99,2025-06
4179,2025-06-09,East,Furniture,233.5,41.11,2025-06
4180,2025-06-09,West,Furniture,181.44,24.65,2025-06
4181,2025-06-10,Central,Office Supplies,72.25,15.7,2025-06
4182,2025-06-10,Central,Furniture,443.09,42.39,2025-06
4183,2025-06-10,Central,Furniture,294.89,64.54,2025-06
4184,2025-06-10,East,Technology,319.67,89.31,2025-06
4185,2025-06-10,East,Office Supplies,109.37,13.1,2025-06
4186,2025-06-10,West,Office Supplies,140.68,22.01,2025-06
4187,2025-06-10,West,Office Supplies,145.12,35.55,2025-06
4188,2025-06-10,West,Office Supplies,153.74,15.02,2025-06
4189,2025-06-10,West,Office Supplies,73.66,14.17,2025-06
4190,2025-06-11,West,Office Supplies,99.9,23.99,2025-06
4191,2025-06-11,Central,Technology,471.36,99.17,2025-06
4192,2025-06-11,Central,Technology,392.9,77.66,2025-06
4193,2025-06-11,East,Office Supplies,117.83,20.54,2025-06
4194,2025-06-11,Central,Furniture,332.64,68.92,2025-06
4195,2025-06-11,West,Technology,328.03,74.61,2025-06
4196,2025-06-11,West,Furniture,289.21,58.14,2025-06
4197,2025-06-11,West,Office Supplies,115.89,14.31,2025-06
4198,2025-06-12,Central,Office Supplies,141.19,21.48,2025-06
4199,2025-06-12,West,Furniture,176.4,30.35,2025-06
4200,2025-06-12,West,Office Supplies,135.99,27.59,2025-06
4201,2025-06-12,West,Office Supplies,40.61,8.97,2025-06
4202,2025-06-12,Central,Office Supplies,181.8,46.23,2025-06
4203,2025-06-12,Central,Office Supplies,106.22,23.36,2025-06
4204,2025-06-12,East,Office Supplies,168.74,26.52,2025-06
4205,2025-06-13,East,Furniture,256.99,31.84,2025-06
4206,2025-06-13,West,Office Supplies,68.74,9.6,2025-06
4207,2025-06-13,East,Office Supplies,56.82,11.06,2025-06
4208,2025-06-13,Central,Office Supplies,117.49,19.54,2025-06
4209,2025-06-13,South,Office Supplies,67.22,9.49,2025-06
4210,2025-06-13,East,Furniture,245.23,43.84,2025-06
4211,2025-06-13,Central,Furniture,308.98,28.38,2025-06
4212,2025-06-13,West,Furniture,325.56,47.99,2025-06
4213,2025-06-13,South,Furniture,277.66,71.7,2025-06
4214,2025-06-13,Central,Office Supplies,114.67,29.09,2025-06
4215,2025-06-13,West,Office Supplies,223.25,40.7,2025-06
4216,2025-06-14,East,Furniture,155.75,33.2,2025-06
4217,2025-06-14,South,Office Supplies,160.25,18.57,2025-06
4218,2025-06-14,West,Technology,553.42,108.87,2025-06
4219,2025-06-14,East,Furniture,322.04,78.27,2025-06
4220,2025-06-14,East,Office Supplies,149.16,16.05,2025-06
4221,2025-06-14,West,Furniture,213.65,24.18,2025-06
4222,2025-06-14,East,Technology,128.57,15.84,2025-06
4223,2025-06-14,East,Office Supplies,105.71,29.32,2025-06
4224,2025-06-15,West,Technology,406.7,67.48,2025-06
4225,2025-06-15,South,Furniture,298.38,44.11,2025-06
4226,2025-06-15,West,Furniture,127.39,12.8,2025-06
4227,2025-06-15,South,Office Supplies,156.58,9.54,2025-06
4228,2025-06-15,South,Furniture,228.56,28.55,2025-06
4229,2025-06-15,East,Office Supplies,144.86,25.94,2025-06
4230,2025-06-15,West,Office Supplies,120.24,22.19,2025-06
4231,2025-06-16,West,Office Supplies,122.61,26.04,2025-06
4232,2025-06-16,East,Office Supplies,121.73,21.45,2025-06
4233,2025-06-16,Central,Office Supplies,102.74,19.68,2025-06
4234,2025-06-16,Central,Furniture,290.26,49.83,2025-06
4235,2025-06-16,West,Technology,393.27,53.48,2025-06
4236,2025-06-16,East,Office Supplies,156.53,21.58,2025-06
4237,2025-06-17,South,Furniture,272.87,43.46,2025-06
4238,2025-06-17,West,Office Supplies,112.15,12.31,2025-06
4239,2025-06-17,West,Office Supplies,151.35,33.04,2025-06
4240,2025-06-17,West,Technology,276.82,38.75,2025-06
4241,2025-06-18,Central,Office Supplies,110.34,10.86,2025-06
4242,2025-06-18,South,Furniture,190.39,28.06,2025-06
4243,2025-06-18,Central,Technology,180.83,40.37,2025-06
4244,2025-06-18,Central,Office Supplies,72.54,14.22,2025-06
4245,2025-06-18,Central,Office Supplies,121.28,19.59,2025-06
4246,2025-06-18,South,Furniture,201.51,39.64,2025-06
4247,2025-06-18,West,Office Supplies,178.67,36.37,2025-06
4248,2025-06-18,Central,Office Supplies,115.82,25.81,2025-06
4249,2025-06-19,East,Office Supplies,92.46,14.31,2025-06
4250,2025-06-19,Central,Technology,517.86,46.43,2025-06
4251,2025-06-19,East,Technology,404.85,65.13,2025-06
4252,2025-06-19,East,Technology,468.93,140.83,2025-06
4253,2025-06-19,West,Office Supplies,212.6,32.85,2025-06
4254,2025-06-20,Central,Technology,525.43,144.77,2025-06
4255,2025-06-20,Central,Office Supplies,198.85,28.15,2025-06
4256,2025-06-20,West,Furniture,232.53,61.73,2025-06
4257,2025-06-20,Central,Furniture,183.02,33.94,2025-06
4258,2025-06-20,West,Office Supplies,135.9,28.74,2025-06
4259,2025-06-20,East,Technology,668.32,164.39,2025-06
4260,2025-06-20,East,Technology,378.73,74.59,2025-06
4261,2025-06-20,South,Office Supplies,140.12,18.54,2025-06
4262,2025-06-20,Central,Furniture,148.82,24.19,2025-06
4263,2025-06-20,East,Office Supplies,133.03,23.12,2025-06
4264,2025-06-20,Central,Office Supplies,17.9,2.45,2025-06
4265,2025-06-21,East,Technology,421.23,55.97,2025-06
4266,2025-06-21,West,Office Supplies,153.07,29.18,2025-06
4267,2025-06-21,West,Technology,239.93,46.94,2025-06
4268,2025-06-21,East,Office Supplies,118.81,17.53,2025-06
4269,2025-06-21,East,Office Supplies,108.74,28.42,2025-06
4270,2025-06-21,East,Furniture,195.91,33.4,2025-06
4271,2025-06-21,Central,Office Supplies,113.98,16.85,2025-06
4272,2025-06-21,West,Furniture,77.23,16.76,2025-06
4273,2025-06-21,West,Technology,453.75,56.97,2025-06
4274,2025-06-21,West,Furniture,283.54,75.2,2025-06
4275,2025-06-21,West,Office Supplies,158.31,30.99,2025-06
4276,2025-06-21,East,Office Supplies,113.91,19.92,2025-06
4277,2025-06-21,West,Office Supplies,193.16,26.09,2025-06
4278,2025-06-22,Central,Office Supplies,71.7,12.08,2025-06
4279,2025-06-22,West,Technology,446.53,94.65,2025-06
4280,2025-06-22,East,Office Supplies,87.2,10.92,2025-06
4281,2025-06-22,East,Technology,567.44,147.23,2025-06
4282,2025-06-22,Central,Furniture,430.16,59.03,2025-06
4283,2025-06-22,Central,Technology,534.47,75.99,2025-06
4284,2025-06-22,West,Office Supplies,146.91,25.98,2025-06
4285,2025-06-23,East,Technology,264.3,58.73,2025-06
4286,2025-06-23,Central,Office Supplies,140.25,30.32,2025-06
4287,2025-06-23,South,Furniture,216.76,40.27,2025-06
4288,2025-06-23,East,Office Supplies,122.64,19.77,2025-06
4289,2025-06-23,South,Office Supplies,127.37,25.14,2025-06
4290,2025-06-23,Central,Furniture,296.41,47.45,2025-06
4291,2025-06-24,East,Office Supplies,150.12,22.79,2025-06
4292,2025-06-24,South,Technology,190.3,29.12,2025-06
4293,2025-06-24,Central,Furniture,263.4,65.62,2025-06
4294,2025-06-24,Central,Furniture,498.47,98.6,2025-06
4295,2025-06-24,South,Furniture,325.39,69.85,2025-06
4296,2025-06-24,Central,Furniture,276.81,46.23,2025-06
4297,2025-06-24,Central,Furniture,164.91,47.28,2025-06
4298,2025-06-24,East,Office Supplies,98.41,16.35,2025-06
4299,2025-06-24,West,Office Supplies,115.12,17.63,2025-06
4300,2025-06-24,West,Furniture,293.69,45.2,2025-06
4301,2025-06-24,West,Furniture,223.8,33.66,2025-06
4302,2025-06-24,Central,Office Supplies,106.57,13.14,2025-06
4303,2025-06-24,Central,Furniture,133.08,34.77,2025-06
4304,2025-06-25,Central,Office Supplies,129.55,19.01,2025-06
4305,2025-06-25,Central,Office Supplies,191.28,30.14,2025-06
4306,2025-06-25,South,Office Supplies,152.3,25.99,2025-06
4307,2025-06-25,East,Furniture,333.42,53.9,2025-06
4308,2025-06-25,South,Furniture,214.42,45.16,2025-06
4309,2025-06-25,South,Office Supplies,106.39,17.21,2025-06
4310,2025-06-26,South,Technology,145.18,34.39,2025-06
4311,2025-06-26,Central,Furniture,243.63,24.28,2025-06
4312,2025-06-26,East,Office Supplies,166.54,25.68,2025-06
4313,2025-06-26,South,Technology,254.23,54.16,2025-06
4314,2025-06-26,East,Furniture,246.29,50.74,2025-06
4315,2025-06-26,South,Office Supplies,103.14,10.44,2025-06
4316,2025-06-26,Central,Furniture,192.44,46.99,2025-06
4317,2025-06-26,South,Furniture,147.57,34.07,2025-06
4318,2025-06-26,Central,Office Supplies,141.24,26.78,2025-06
4319,2025-06-26,East,Furniture,308.14,74.36,2025-06
4320,2025-06-26,West,Office Supplies,170.4,28.36,2025-06
4321,2025-06-27,West,Office Supplies,206.66,26.61,2025-06
4322,2025-06-27,South,Furniture,250.46,37.68,2025-06
4323,2025-06-27,East,Office Supplies,109.31,21.81,2025-06
4324,2025-06-27,Central,Furniture,256.36,38.67,2025-06
4325,2025-06-27,South,Office Supplies,154.37,29.64,2025-06
4326,2025-06-27,Central,Furniture,251.24,67.15,2025-06
4327,2025-06-27,Central,Office Supplies,128.18,16.43,2025-06
4328,2025-06-27,West,Office Supplies,36.98,2.82,2025-06
4329,2025-06-27,West,Office Supplies,126.05,25.42,2025-06
4330,2025-06-27,West,Office Supplies,181.27,44.66,2025-06
4331,2025-06-27,Central,Furniture,243.58,41.27,2025-06
4332,2025-06-28,West,Furniture,313.66,54.12,2025-06
4333,2025-06-28,West,Furniture,248.3,20.74,2025-06
4334,2025-06-28,East,Office Supplies,147.68,15.06,2025-06
4335,2025-06-28,West,Technology,323.98,63.09,2025-06
4336,2025-06-28,Central,Furniture,185.94,28.29,2025-06
4337,2025-06-28,East,Office Supplies,66.9,12.87,2025-06
4338,2025-06-29,West,Office Supplies,159.91,26.02,2025-06
4339,2025-06-29,East,Office Supplies,223.57,43.07,2025-06
4340,2025-06-29,West,Office Supplies,202.9,34.86,2025-06
4341,2025-06-29,Central,Office Supplies,100.56,21.48,2025-06
4342,2025-06-29,East,Furniture,351.89,60.56,2025-06
4343,2025-06-29,Central,Technology,489.31,49.99,2025-06
4344,2025-06-29,West,Furniture,177.25,35.71,2025-06
4345,2025-06-29,Central,Office Supplies,105.75,20.58,2025-06
4346,2025-06-29,Central,Technology,462.39,97.59,2025-06
4347,2025-06-30,East,Office Supplies,127.91,31.73,2025-06
4348,2025-06-30,East,Office Supplies,111.62,9.75,2025-06
4349,2025-06-30,West,Technology,411.25,69.9,2025-06
4350,2025-06-30,South,Technology,417.83,47.81,2025-06
4351,2025-06-30,East,Office Supplies,121.47,15.7,2025-06
4352,2025-06-30,West,Technology,218.63,49.7,2025-06
4353,2025-06-30,East,Furniture,319.84,74.74,2025-06
4354,2025-06-30,Central,Furniture,309.67,75.3,2025-06
4355,2025-06-30,South,Office Supplies,81.61,8.52,2025-06
4356,2025-06-30,East,Office Supplies,81.18,17.22,2025-06
4357,2025-07-01,West,Office Supplies,111.46,21.39,2025-07
4358,2025-07-01,Central,Office Supplies,120.32,20.23,2025-07
4359,2025-07-01,East,Furniture,343.46,77.48,2025-07
4360,2025-07-01,West,Office Supplies,212.12,45.03,2025-07
4361,2025-07-01,Central,Office Supplies,93.04,12.87,2025-07
4362,2025-07-02,Central,Office Supplies,155.65,31.1,2025-07
4363,2025-07-02,West,Technology,580.05,120.85,2025-07
4364,2025-07-02,West,Furniture,318.6,52.74,2025-07
4365,2025-07-02,East,Office Supplies,62.14,6.37,2025-07
4366,2025-07-02,South,Technology,184.81,39.45,2025-07
4367,2025-07-02,West,Office Supplies,87.84,14.57,2025-07
4368,2025-07-02,West,Furniture,138.6,32.8,2025-07
4369,2025-07-02,West,Furniture,250.33,48.12,2025-07
4370,2025-07-03,South,Furniture,296.27,47.86,2025-07
4371,2025-07-03,Central,Furniture,332.02,53.38,2025-07
4372,2025-07-03,East,Furniture,289.64,48.67,2025-07
4373,2025-07-03,South,Office Supplies,38.23,8.06,2025-07
4374,2025-07-03,East,Technology,395.61,51.9,2025-07
4375,2025-07-03,Central,Furniture,479.7,102.27,2025-07
4376,2025-07-03,Central,Furniture,300.83,28.17,2025-07
4377,2025-07-03,South,Furniture,222.36,38.44,2025-07
4378,2025-07-04,Central,Furniture,217.59,30.01,2025-07
4379,2025-07-04,Central,Furniture,257.27,51.74,2025-07
4380,2025-07-04,Central,Office Supplies,131.99,16.7,2025-07
4381,2025-07-04,East,Office Supplies,191.27,53.43,2025-07
4382,2025-07-05,East,Technology,388.33,37.26,2025-07
4383,2025-07-05,East,Office Supplies,128.63,20.23,2025-07
4384,2025-07-05,West,Office Supplies,134.74,27.99,2025-07
4385,2025-07-05,West,Technology,261.32,45.58,2025-07
4386,2025-07-06,Central,Technology,299.15,32.27,2025-07
4387,2025-07-06,West,Technology,490.05,97.76,2025-07
4388,2025-07-06,East,Furniture,291.85,53.02,2025-07
4389,2025-07-06,West,Technology,311.06,41.01,2025-07
4390,2025-07-06,West,Office Supplies,183.81,39.8,2025-07
4391,2025-07-06,East,Office Supplies,161.89,28.17,2025-07
4392,2025-07-07,South,Furniture,259.03,37.4,2025-07
4393,2025-07-07,West,Office Supplies,49.27,10.32,2025-07
4394,2025-07-07,Central,Office Supplies,161.87,25.05,2025-07
4395,2025-07-07,Central,Office Supplies,58.01,11.0,2025-07
4396,2025-07-07,South,Furniture,238.53,38.84,2025-07
4397,2025-07-07,Central,Technology,464.04,86.75,2025-07
4398,2025-07-07,East,Furniture,286.55,52.92,2025-07
4399,2025-07-08,South,Office Supplies,99.06,18.81,2025-07
4400,2025-07-08,East,Office Supplies,123.1,28.33,2025-07
4401,2025-07-08,South,Technology,301.25,83.88,2025-07
4402,2025-07-08,West,Office Supplies,156.13,27.21,2025-07
4403,2025-07-08,East,Furniture,413.78,81.82,2025-07
4404,2025-07-09,East,Furniture,238.48,35.87,2025-07
4405,2025-07-09,West,Office Supplies,219.16,49.06,2025-07
4406,2025-07-09,West,Furniture,235.25,46.96,2025-07
4407,2025-07-09,West,Furniture,239.4,34.26,2025-07
4408,2025-07-09,Central,Furniture,101.55,20.71,2025-07
4409,2025-07-09,West,Technology,407.33,97.02,2025-07
4410,2025-07-09,East,Furniture,206.65,49.24,2025-07
4411,2025-07-09,South,Office Supplies,174.28,19.21,2025-07
4412,2025-07-09,South,Technology,540.87,119.5,2025-07
4413,2025-07-09,Central,Technology,393.8,93.43,2025-07
4414,2025-07-09,Central,Office Supplies,160.27,30.08,2025-07
4415,2025-07-10,South,Office Supplies,123.76,20.33,2025-07
4416,2025-07-10,South,Furniture,319.91,60.12,2025-07
4417,2025-07-10,East,Office Supplies,30.31,4.92,2025-07
4418,2025-07-10,Central,Furniture,253.5,20.91,2025-07
4419,2025-07-10,West,Furniture,255.64,59.74,2025-07
4420,2025-07-10,South,Technology,175.49,25.69,2025-07
4421,2025-07-10,East,Office Supplies,123.67,26.22,2025-07
4422,2025-07-10,Central,Furniture,239.98,29.41,2025-07
4423,2025-07-11,East,Furniture,253.53,38.76,2025-07
4424,2025-07-11,West,Technology,407.73,86.51,2025-07
4425,2025-07-11,South,Office Supplies,131.05,22.64,2025-07
4426,2025-07-11,Central,Office Supplies,81.96,21.53,2025-07
4427,2025-07-11,East,Office Supplies,143.3,31.43,2025-07
4428,2025-07-11,East,Technology,640.55,73.16,2025-07
4429,2025-07-11,South,Technology,380.4,94.67,2025-07
4430,2025-07-12,Central,Office Supplies,119.51,21.29,2025-07
4431,2025-07-12,South,Technology,10.0,1.48,2025-07
4432,2025-07-12,Central,Furniture,224.72,40.62,2025-07
4433,2025-07-12,West,Furniture,347.57,87.06,2025-07
4434,2025-07-12,West,Furniture,312.9,35.43,2025-07
4435,2025-07-12,East,Furniture,360.2,77.87,2025-07
4436,2025-07-12,West,Office Supplies,160.05,24.07,2025-07
4437,2025-07-12,Central,Technology,615.38,106.91,2025-07
4438,2025-07-12,Central,Office Supplies,92.35,20.38,2025-07
4439,2025-07-12,East,Office Supplies,120.05,25.76,2025-07
4440,2025-07-12,Central,Office Supplies,107.62,14.06,2025-07
4441,2025-07-12,Central,Technology,355.38,42.97,2025-07
4442,2025-07-12,East,Furniture,313.66,21.86,2025-07
4443,2025-07-12,East,Furniture,353.87,43.99,2025-07
4444,2025-07-13,Central,Office Supplies,122.9,19.18,2025-07
4445,2025-07-13,East,Furniture,119.19,27.25,2025-07
4446,2025-07-13,West,Office Supplies,101.87,29.25,2025-07
4447,2025-07-13,South,Office Supplies,83.15,18.58,2025-07
4448,2025-07-13,West,Office Supplies,105.91,8.3,2025-07
4449,2025-07-13,West,Furniture,310.7,40.61,2025-07
4450,2025-07-13,Central,Furniture,208.56,36.56,2025-07
4451,2025-07-13,East,Technology,219.55,44.62,2025-07
4452,2025-07-14,Central,Technology,643.72,105.35,2025-07
4453,2025-07-14,South,Furniture,290.68,55.64,2025-07
4454,2025-07-14,Central,Furniture,217.26,32.8,2025-07
4455,2025-07-14,East,Office Supplies,72.31,3.56,2025-07
4456,2025-07-14,Central,Office Supplies,115.1,16.88,2025-07
4457,2025-07-14,East,Office Supplies,10.0,1.44,2025-07
4458,2025-07-14,Central,Office Supplies,146.98,27.62,2025-07
4459,2025-07-14,West,Technology,551.93,88.73,2025-07
4460,2025-07-14,West,Furniture,156.86,33.4,2025-07
4461,2025-07-14,East,Furniture,312.45,61.37,2025-07
4462,2025-07-15,West,Office Supplies,171.78,26.9,2025-07
4463,2025-07-15,Central,Office Supplies,160.01,31.9,2025-07
4464,2025-07-15,Central,Technology,639.89,63.35,2025-07
4465,2025-07-15,East,Technology,448.76,87.13,2025-07
4466,2025-07-15,Central,Furniture,119.62,17.62,2025-07
4467,2025-07-15,Central,Office Supplies,110.27,31.8,2025-07
4468,2025-07-15,Central,Technology,317.93,40.59,2025-07
4469,2025-07-16,Central,Office Supplies,68.75,10.27,2025-07
4470,2025-07-16,South,Office Supplies,109.45,20.15,2025-07
4471,2025-07-16,West,Technology,606.24,60.46,2025-07
4472,2025-07-16,East,Office Supplies,124.9,27.17,2025-07
4473,2025-07-16,South,Technology,377.43,58.98,2025-07
4474,2025-07-16,Central,Office Supplies,119.06,18.74,2025-07
4475,2025-07-16,West,Technology,272.55,39.38,2025-07
4476,2025-07-16,West,Furniture,189.32,56.94,2025-07
4477,2025-07-16,West,Office Supplies,131.68,23.2,2025-07
4478,2025-07-16,East,Technology,278.41,73.41,2025-07
4479,2025-07-17,West,Office Supplies,146.61,29.97,2025-07
4480,2025-07-17,East,Office Supplies,151.24,32.37,2025-07
4481,2025-07-17,East,Office Supplies,102.14,22.66,2025-07
4482,2025-07-17,West,Technology,365.05,62.76,2025-07
4483,2025-07-17,East,Office Supplies,10.0,2.4,2025-07
4484,2025-07-17,West,Office Supplies,75.2,13.02,2025-07
4485,2025-07-17,South,Office Supplies,122.29,17.17,2025-07
4486,2025-07-17,Central,Furniture,302.46,70.48,2025-07
4487,2025-07-18,South,Office Supplies,166.1,16.43,2025-07
4488,2025-07-18,Central,Furniture,97.8,24.55,2025-07
4489,2025-07-18,South,Office Supplies,88.71,13.06,2025-07
4490,2025-07-18,West,Technology,226.27,47.08,2025-07
4491,2025-07-18,Central,Office Supplies,127.74,17.31,2025-07
4492,2025-07-18,Central,Office Supplies,120.16,35.3,2025-07
4493,2025-07-18,West,Office Supplies,164.75,40.44,2025-07
4494,2025-07-18,Central,Furniture,190.34,26.43,2025-07
4495,2025-07-19,Central,Office Supplies,71.51,8.73,2025-07
4496,2025-07-19,West,Office Supplies,101.31,9.44,2025-07
4497,2025-07-19,West,Office Supplies,189.42,44.64,2025-07
4498,2025-07-19,East,Furniture,233.06,40.73,2025-07
4499,2025-07-19,Central,Technology,448.46,63.31,2025-07
4500,2025-07-19,Central,Technology,352.34,50.88,2025-07
4501,2025-07-19,East,Office Supplies,122.45,22.56,2025-07
4502,2025-07-19,Central,Office Supplies,114.44,26.35,2025-07
4503,2025-07-19,East,Technology,383.32,67.87,2025-07
4504,2025-07-19,East,Office Supplies,58.46,12.43,2025-07
4505,2025-07-20,West,Office Supplies,192.31,31.98,2025-07
4506,2025-07-20,South,Office Supplies,21.51,3.32,2025-07
4507,2025-07-20,East,Furniture,234.82,59.26,2025-07
4508,2025-07-20,Central,Office Supplies,121.98,13.42,2025-07
4509,2025-07-20,West,Office Supplies,135.11,24.53,2025-07
4510,2025-07-20,South,Technology,370.58,59.87,2025-07
4511,2025-07-20,West,Office Supplies,158.97,28.63,2025-07
4512,2025-07-20,South,Furniture,244.67,58.43,2025-07
4513,2025-07-20,West,Technology,511.89,101.45,2025-07
4514,2025-07-21,South,Furniture,241.67,27.82,2025-07
4515,2025-07-21,West,Office Supplies,99.23,18.05,2025-07
4516,2025-07-21,Central,Office Supplies,144.15,29.77,2025-07
4517,2025-07-21,East,Furniture,106.21,17.18,2025-07
4518,2025-07-21,East,Furniture,180.01,16.13,2025-07
4519,2025-07-22,East,Office Supplies,217.51,47.99,2025-07
4520,2025-07-22,Central,Office Supplies,21.97,4.73,2025-07
4521,2025-07-22,West,Office Supplies,108.96,13.54,2025-07
4522,2025-07-22,West,Office Supplies,103.18,13.06,2025-07
4523,2025-07-22,South,Furniture,99.51,14.11,2025-07
4524,2025-07-22,Central,Furniture,199.33,29.83,2025-07
4525,2025-07-22,South,Office Supplies,102.18,14.96,2025-07
4526,2025-07-22,East,Furniture,248.2,62.57,2025-07
4527,2025-07-23,South,Furniture,352.4,35.24,2025-07
4528,2025-07-23,Central,Furniture,312.25,57.65,2025-07
4529,2025-07-23,East,Technology,247.25,62.61,2025-07
4530,2025-07-23,East,Technology,168.47,40.63,2025-07
4531,2025-07-23,West,Technology,307.51,51.37,2025-07
4532,2025-07-23,South,Office Supplies,72.21,10.89,2025-07
4533,2025-07-23,South,Furniture,325.81,63.71,2025-07
4534,2025-07-23,East,Technology,645.29,84.16,2025-07
4535,2025-07-23,West,Office Supplies,103.4,20.61,2025-07
4536,2025-07-24,East,Technology,398.45,99.7,2025-07
4537,2025-07-24,West,Office Supplies,10.0,1.95,2025-07
4538,2025-07-24,South,Furniture,331.79,63.45,2025-07
4539,2025-07-24,Central,Technology,227.15,30.82,2025-07
4540,2025-07-24,South,Office Supplies,87.83,17.81,2025-07
4541,2025-07-24,Central,Office Supplies,118.25,10.91,2025-07
4542,2025-07-24,Central,Furniture,306.6,87.96,2025-07
4543,2025-07-24,East,Technology,248.53,32.89,2025-07
4544,2025-07-24,West,Office Supplies,92.17,15.86,2025-07
4545,2025-07-24,Central,Office Supplies,77.39,18.5,2025-07
4546,2025-07-25,South,Furniture,241.71,23.48,2025-07
4547,2025-07-25,West,Technology,237.17,18.17,2025-07
4548,2025-07-25,West,Office Supplies,94.0,14.78,2025-07
4549,2025-07-25,East,Technology,476.51,88.04,2025-07
4550,2025-07-25,East,Office Supplies,85.57,17.98,2025-07
4551,2025-07-25,Central,Furniture,455.31,96.9,2025-07
4552,2025-07-25,Central,Office Supplies,97.56,18.54,2025-07
4553,2025-07-26,Central,Furniture,229.57,50.78,2025-07
4554,2025-07-26,South,Furniture,212.22,29.05,2025-07
4555,2025-07-26,West,Technology,425.83,72.17,2025-07
4556,2025-07-26,Central,Office Supplies,144.02,17.13,2025-07
4557,2025-07-26,East,Furniture,268.93,60.63,2025-07
4558,2025-07-26,West,Technology,87.58,21.56,2025-07
4559,2025-07-26,South,Furniture,272.42,38.56,2025-07
4560,2025-07-26,East,Office Supplies,178.1,12.25,2025-07
4561,2025-07-27,East,Office Supplies,133.54,23.75,2025-07
4562,2025-07-27,South,Office Supplies,133.44,27.54,2025-07
4563,2025-07-27,South,Furniture,393.12,65.04,2025-07
4564,2025-07-27,Central,Furniture,137.88,17.09,2025-07
4565,2025-07-27,West,Furniture,352.25,64.27,2025-07
4566,2025-07-27,Central,Technology,370.61,84.51,2025-07
4567,2025-07-27,West,Furniture,188.06,47.02,2025-07
4568,2025-07-27,South,Office Supplies,95.58,21.25,2025-07
4569,2025-07-27,West,Office Supplies,120.17,22.33,2025-07
4570,2025-07-28,South,Office Supplies,170.34,28.17,2025-07
4571,2025-07-28,East,Office Supplies,123.75,23.53,2025-07
4572,2025-07-28,Central,Technology,77.7,13.39,2025-07
4573,2025-07-28,West,Technology,559.49,92.14,2025-07
4574,2025-07-28,East,Office Supplies,73.83,15.97,2025-07
4575,2025-07-28,West,Technology,228.15,41.57,2025-07
4576,2025-07-28,Central,Office Supplies,106.7,10.35,2025-07
4577,2025-07-28,West,Technology,532.03,103.24,2025-07
4578,2025-07-28,West,Furniture,364.48,62.89,2025-07
4579,2025-07-28,East,Furniture,159.45,16.04,2025-07
4580,2025-07-28,West,Furniture,321.75,39.88,2025-07
4581,2025-07-28,West,Office Supplies,217.92,58.03,2025-07
4582,2025-07-29,West,Furniture,232.18,35.12,2025-07
4583,2025-07-29,South,Office Supplies,207.28,31.76,2025-07
4584,2025-07-29,Central,Technology,449.39,90.53,2025-07
4585,2025-07-29,South,Furniture,327.12,63.24,2025-07
4586,2025-07-29,Central,Technology,380.62,51.16,2025-07
4587,2025-07-30,East,Technology,322.49,63.1,2025-07
4588,2025-07-30,East,Technology,369.04,69.76,2025-07
4589,2025-07-30,West,Technology,483.54,87.84,2025-07
4590,2025-07-30,West,Office Supplies,149.2,26.97,2025-07
4591,2025-07-30,West,Furniture,327.04,51.79,2025-07
4592,2025-07-30,West,Office Supplies,74.12,13.83,2025-07
4593,2025-07-30,East,Furniture,385.73,84.27,2025-07
4594,2025-07-31,West,Furniture,330.84,37.53,2025-07
4595,2025-07-31,West,Office Supplies,70.04,11.5,2025-07
4596,2025-07-31,East,Furniture,263.44,39.88,2025-07
4597,2025-07-31,Central,Furniture,354.01,56.21,2025-07
4598,2025-07-31,East,Furniture,444.05,80.31,2025-07
4599,2025-07-31,Central,Office Supplies,115.6,17.07,2025-07
